# ************************************************************
# Sequel Pro SQL dump
# Version 4541
#
# http://www.sequelpro.com/
# https://github.com/sequelpro/sequelpro
#
# Host: 116.62.212.174 (MySQL 5.7.21)
# Database: jk
# Generation Time: 2018-05-03 12:30:32 +0000
# ************************************************************


/*!40101 SET @OLD_CHARACTER_SET_CLIENT=@@CHARACTER_SET_CLIENT */;
/*!40101 SET @OLD_CHARACTER_SET_RESULTS=@@CHARACTER_SET_RESULTS */;
/*!40101 SET @OLD_COLLATION_CONNECTION=@@COLLATION_CONNECTION */;
/*!40101 SET NAMES utf8 */;
/*!40014 SET @OLD_FOREIGN_KEY_CHECKS=@@FOREIGN_KEY_CHECKS, FOREIGN_KEY_CHECKS=0 */;
/*!40101 SET @OLD_SQL_MODE=@@SQL_MODE, SQL_MODE='NO_AUTO_VALUE_ON_ZERO' */;
/*!40111 SET @OLD_SQL_NOTES=@@SQL_NOTES, SQL_NOTES=0 */;


# Dump of table adminUsers
# ------------------------------------------------------------

DROP TABLE IF EXISTS `adminUsers`;

CREATE TABLE `adminUsers` (
  `id` int(11) NOT NULL AUTO_INCREMENT,
  `name` varchar(64) NOT NULL,
  `password` varchar(255) NOT NULL,
  `email` varchar(255) DEFAULT NULL,
  `role` enum('USER','SUPPORT','FINANCE','F_SUPPORT','ADMIN','INSTRUCTOR','DISMISSION') NOT NULL DEFAULT 'ADMIN',
  `created_at` datetime NOT NULL,
  `updated_at` datetime NOT NULL,
  PRIMARY KEY (`id`),
  UNIQUE KEY `name` (`name`),
  UNIQUE KEY `adminUsers_name_unique` (`name`),
  UNIQUE KEY `admin_users_name` (`name`)
) ENGINE=InnoDB DEFAULT CHARSET=utf8;

LOCK TABLES `adminUsers` WRITE;
/*!40000 ALTER TABLE `adminUsers` DISABLE KEYS */;

INSERT INTO `adminUsers` (`id`, `name`, `password`, `email`, `role`, `created_at`, `updated_at`)
VALUES
	(1,'huangyaxiong','$2a$10$H6xdlSJS3ibi2A0NMy1iI.jSnWIqzZAx4ig63.yu8mkkgjCLycbBq',NULL,'ADMIN','2018-02-24 10:40:40','2018-03-26 13:00:59'),
	(2,'chenxuhui','$2a$10$AY2MiS85x4Fz9A4/BF51OeGoKRvOtLDtVvH6PQ3q4f4yTZ5Hb/7SS',NULL,'ADMIN','2018-02-26 02:46:10','2018-02-26 02:46:10'),
	(3,'lijuan','$2a$10$6lcHfxAOwZlF8hfgAfWePuOfRoAjyQzZzA6Yvf8ul0ucmQ/JZJMYq',NULL,'INSTRUCTOR','2018-02-26 03:12:03','2018-02-26 03:12:03'),
	(4,'zengyulu','$2a$10$bl9NFxkmlZX7YSm4JE04EeS3892YsqPGQnNEPrRcpK.xLRrOtVbAa',NULL,'INSTRUCTOR','2018-02-26 03:12:27','2018-02-26 03:12:27'),
	(5,'heting','$2a$10$JMt0z3E0fOGfUTh4aNmPM.PSO8E2/vwDE1O7Q51Gw5ln8pzFNXCxi',NULL,'INSTRUCTOR','2018-02-26 03:12:42','2018-02-26 03:12:42'),
	(6,'hanmeng','$2a$10$/NK..bHm6Hq5WQ02ITnYkukVKPbu7c49T4riwIy1rFm.LOahMfqOu',NULL,'INSTRUCTOR','2018-02-26 03:12:57','2018-02-26 03:12:57'),
	(7,'pengxinmin','$2a$10$9fQxmt03W9qiJwdPW8BvEuESD09PzkRquB9xAjMRsipZYHkWzDZBS',NULL,'INSTRUCTOR','2018-02-26 03:13:14','2018-02-26 03:13:14');

/*!40000 ALTER TABLE `adminUsers` ENABLE KEYS */;
UNLOCK TABLES;


# Dump of table oi_class
# ------------------------------------------------------------

DROP TABLE IF EXISTS `oi_class`;

CREATE TABLE `oi_class` (
  `id` int(11) NOT NULL AUTO_INCREMENT,
  `order_id_fk` int(11) DEFAULT NULL,
  `class_style` int(2) DEFAULT NULL,
  `class_level` int(2) DEFAULT NULL,
  `teacher_name` varchar(20) DEFAULT NULL,
  `assistant_name` varchar(20) DEFAULT NULL,
  `skype_count` int(11) DEFAULT NULL,
  `create_time` datetime DEFAULT NULL,
  `update_time` datetime DEFAULT NULL,
  PRIMARY KEY (`id`)
) ENGINE=InnoDB DEFAULT CHARSET=utf8;



# Dump of table oi_class_common
# ------------------------------------------------------------

DROP TABLE IF EXISTS `oi_class_common`;

CREATE TABLE `oi_class_common` (
  `id` int(11) NOT NULL AUTO_INCREMENT,
  `order_id_fk` int(11) DEFAULT NULL,
  `class_level` int(2) DEFAULT NULL,
  `teacher_name` varchar(20) DEFAULT NULL,
  `assistant_name` varchar(20) DEFAULT NULL,
  `skype_count` int(11) DEFAULT NULL,
  `skype_count_now` int(11) DEFAULT NULL,
  `fee` int(11) DEFAULT NULL,
  `create_time` datetime DEFAULT NULL,
  `update_time` datetime DEFAULT NULL,
  PRIMARY KEY (`id`)
) ENGINE=InnoDB DEFAULT CHARSET=utf8;



# Dump of table oi_class_common_english
# ------------------------------------------------------------

DROP TABLE IF EXISTS `oi_class_common_english`;

CREATE TABLE `oi_class_common_english` (
  `id` int(11) NOT NULL AUTO_INCREMENT,
  `order_id_fk` int(11) DEFAULT NULL,
  `class_level` int(2) DEFAULT NULL,
  `teacher_name` varchar(20) DEFAULT NULL,
  `assistant_name` varchar(20) DEFAULT NULL,
  `skype_count` int(11) DEFAULT NULL,
  `skype_count_now` int(11) DEFAULT NULL,
  `fee` int(11) DEFAULT NULL,
  `if_protocol` int(2) DEFAULT NULL,
  `create_time` datetime DEFAULT NULL,
  `update_time` datetime DEFAULT NULL,
  PRIMARY KEY (`id`),
  KEY `order_id_fk` (`order_id_fk`),
  CONSTRAINT `oi_class_common_english_ibfk_1` FOREIGN KEY (`order_id_fk`) REFERENCES `oi_order` (`id`) ON DELETE CASCADE ON UPDATE CASCADE
) ENGINE=InnoDB DEFAULT CHARSET=utf8;

LOCK TABLES `oi_class_common_english` WRITE;
/*!40000 ALTER TABLE `oi_class_common_english` DISABLE KEYS */;

INSERT INTO `oi_class_common_english` (`id`, `order_id_fk`, `class_level`, `teacher_name`, `assistant_name`, `skype_count`, `skype_count_now`, `fee`, `if_protocol`, `create_time`, `update_time`)
VALUES
	(1,400,1,NULL,NULL,0,NULL,NULL,NULL,'2018-04-20 01:41:55',NULL);

/*!40000 ALTER TABLE `oi_class_common_english` ENABLE KEYS */;
UNLOCK TABLES;


# Dump of table oi_class_common_politic
# ------------------------------------------------------------

DROP TABLE IF EXISTS `oi_class_common_politic`;

CREATE TABLE `oi_class_common_politic` (
  `id` int(11) NOT NULL AUTO_INCREMENT,
  `order_id_fk` int(11) DEFAULT NULL,
  `class_level` int(2) DEFAULT NULL,
  `teacher_name` varchar(20) DEFAULT NULL,
  `assistant_name` varchar(20) DEFAULT NULL,
  `skype_count` int(11) DEFAULT NULL,
  `skype_count_now` int(11) DEFAULT NULL,
  `fee` int(11) DEFAULT NULL,
  `if_protocol` int(2) DEFAULT NULL,
  `create_time` datetime DEFAULT NULL,
  `update_time` datetime DEFAULT NULL,
  PRIMARY KEY (`id`),
  KEY `order_id_fk` (`order_id_fk`),
  CONSTRAINT `oi_class_common_politic_ibfk_1` FOREIGN KEY (`order_id_fk`) REFERENCES `oi_order` (`id`) ON DELETE CASCADE ON UPDATE CASCADE
) ENGINE=InnoDB DEFAULT CHARSET=utf8;

LOCK TABLES `oi_class_common_politic` WRITE;
/*!40000 ALTER TABLE `oi_class_common_politic` DISABLE KEYS */;

INSERT INTO `oi_class_common_politic` (`id`, `order_id_fk`, `class_level`, `teacher_name`, `assistant_name`, `skype_count`, `skype_count_now`, `fee`, `if_protocol`, `create_time`, `update_time`)
VALUES
	(1,400,1,NULL,NULL,0,NULL,NULL,NULL,'2018-04-20 01:41:55',NULL);

/*!40000 ALTER TABLE `oi_class_common_politic` ENABLE KEYS */;
UNLOCK TABLES;


# Dump of table oi_class_professional
# ------------------------------------------------------------

DROP TABLE IF EXISTS `oi_class_professional`;

CREATE TABLE `oi_class_professional` (
  `id` int(11) NOT NULL AUTO_INCREMENT,
  `order_id_fk` int(11) DEFAULT NULL,
  `class_level` int(2) DEFAULT NULL,
  `teacher_name` varchar(20) DEFAULT NULL,
  `assistant_name` varchar(20) DEFAULT NULL,
  `skype_count` int(11) DEFAULT NULL,
  `skype_count_now` int(11) DEFAULT NULL,
  `fee` int(11) DEFAULT NULL,
  `if_protocol` int(2) DEFAULT NULL,
  `create_time` datetime DEFAULT NULL,
  `update_time` datetime DEFAULT NULL,
  PRIMARY KEY (`id`),
  KEY `order_id_fk` (`order_id_fk`),
  CONSTRAINT `oi_class_professional_ibfk_1` FOREIGN KEY (`order_id_fk`) REFERENCES `oi_order` (`id`) ON DELETE CASCADE ON UPDATE CASCADE
) ENGINE=InnoDB DEFAULT CHARSET=utf8;

LOCK TABLES `oi_class_professional` WRITE;
/*!40000 ALTER TABLE `oi_class_professional` DISABLE KEYS */;

INSERT INTO `oi_class_professional` (`id`, `order_id_fk`, `class_level`, `teacher_name`, `assistant_name`, `skype_count`, `skype_count_now`, `fee`, `if_protocol`, `create_time`, `update_time`)
VALUES
	(23,23,7,NULL,NULL,0,NULL,NULL,NULL,'2018-04-18 07:04:19',NULL),
	(24,24,7,NULL,NULL,0,NULL,NULL,NULL,'2018-04-18 07:04:19',NULL),
	(25,25,5,NULL,NULL,8,NULL,NULL,NULL,'2018-04-18 07:04:19',NULL),
	(26,26,7,NULL,NULL,0,NULL,NULL,NULL,'2018-04-18 07:04:19',NULL),
	(27,30,3,NULL,NULL,24,NULL,NULL,NULL,'2018-04-18 07:04:19',NULL),
	(28,28,4,NULL,NULL,16,NULL,NULL,NULL,'2018-04-18 07:04:19',NULL),
	(29,29,2,NULL,NULL,32,NULL,NULL,NULL,'2018-04-18 07:04:19',NULL),
	(30,27,5,NULL,NULL,8,NULL,NULL,NULL,'2018-04-18 07:04:19',NULL),
	(31,31,7,NULL,NULL,0,NULL,NULL,NULL,'2018-04-18 07:04:19',NULL),
	(32,32,7,NULL,NULL,0,NULL,NULL,NULL,'2018-04-18 07:04:19',NULL),
	(33,33,3,NULL,NULL,24,NULL,NULL,NULL,'2018-04-18 07:04:19',NULL),
	(34,34,7,NULL,NULL,0,NULL,NULL,NULL,'2018-04-18 07:06:39',NULL),
	(35,35,7,NULL,NULL,0,NULL,NULL,NULL,'2018-04-18 07:06:39',NULL),
	(36,36,5,NULL,NULL,8,NULL,NULL,NULL,'2018-04-18 07:06:39',NULL),
	(37,37,7,NULL,NULL,0,NULL,NULL,NULL,'2018-04-18 07:06:39',NULL),
	(38,38,5,NULL,NULL,8,NULL,NULL,NULL,'2018-04-18 07:06:39',NULL),
	(39,39,4,NULL,NULL,16,NULL,NULL,NULL,'2018-04-18 07:06:39',NULL),
	(40,40,3,NULL,NULL,24,NULL,NULL,NULL,'2018-04-18 07:06:39',NULL),
	(41,41,2,NULL,NULL,32,NULL,NULL,NULL,'2018-04-18 07:06:39',NULL),
	(42,42,7,NULL,NULL,0,NULL,NULL,NULL,'2018-04-18 07:06:39',NULL),
	(43,43,7,NULL,NULL,0,NULL,NULL,NULL,'2018-04-18 07:06:39',NULL),
	(44,44,3,NULL,NULL,24,NULL,NULL,NULL,'2018-04-18 07:06:39',NULL),
	(45,45,4,NULL,NULL,16,NULL,NULL,NULL,'2018-04-18 07:06:39',NULL),
	(46,46,3,NULL,NULL,24,NULL,NULL,NULL,'2018-04-18 07:06:39',NULL),
	(47,47,7,NULL,NULL,0,NULL,NULL,NULL,'2018-04-18 07:06:40',NULL),
	(48,48,7,NULL,NULL,0,NULL,NULL,NULL,'2018-04-18 07:06:40',NULL),
	(49,49,5,NULL,NULL,8,NULL,NULL,NULL,'2018-04-18 07:06:40',NULL),
	(50,50,4,NULL,NULL,16,NULL,NULL,NULL,'2018-04-18 07:06:40',NULL),
	(51,51,5,NULL,NULL,8,NULL,NULL,NULL,'2018-04-18 07:06:40',NULL),
	(52,52,5,NULL,NULL,8,NULL,NULL,NULL,'2018-04-18 07:06:40',NULL),
	(53,53,5,NULL,NULL,8,NULL,NULL,NULL,'2018-04-18 07:06:40',NULL),
	(54,54,5,NULL,NULL,8,NULL,NULL,NULL,'2018-04-18 07:06:40',NULL),
	(55,55,7,NULL,NULL,0,NULL,NULL,NULL,'2018-04-18 07:06:40',NULL),
	(56,56,7,NULL,NULL,0,NULL,NULL,NULL,'2018-04-18 07:06:40',NULL),
	(57,57,4,NULL,NULL,16,NULL,NULL,NULL,'2018-04-18 07:06:40',NULL),
	(58,58,3,NULL,NULL,24,NULL,NULL,NULL,'2018-04-18 07:06:40',NULL),
	(59,59,4,NULL,NULL,16,NULL,NULL,NULL,'2018-04-18 07:06:40',NULL),
	(60,60,4,NULL,NULL,16,NULL,NULL,NULL,'2018-04-18 07:06:40',NULL),
	(61,61,7,NULL,NULL,0,NULL,NULL,NULL,'2018-04-18 07:06:40',NULL),
	(62,62,2,NULL,NULL,32,NULL,NULL,NULL,'2018-04-18 07:06:40',NULL),
	(63,63,5,NULL,NULL,8,NULL,NULL,NULL,'2018-04-18 07:06:40',NULL),
	(64,64,3,NULL,NULL,24,NULL,NULL,NULL,'2018-04-18 07:06:40',NULL),
	(65,65,4,NULL,NULL,16,NULL,NULL,NULL,'2018-04-18 07:06:40',NULL),
	(66,66,4,NULL,NULL,16,NULL,NULL,NULL,'2018-04-18 07:06:40',NULL),
	(67,67,2,NULL,NULL,32,NULL,NULL,NULL,'2018-04-18 07:06:40',NULL),
	(68,68,4,NULL,NULL,16,NULL,NULL,NULL,'2018-04-18 07:06:40',NULL),
	(69,69,4,NULL,NULL,16,NULL,NULL,NULL,'2018-04-18 07:06:40',NULL),
	(70,70,2,NULL,NULL,32,NULL,NULL,NULL,'2018-04-18 07:06:40',NULL),
	(71,71,2,NULL,NULL,32,NULL,NULL,NULL,'2018-04-18 07:06:40',NULL),
	(72,72,4,NULL,NULL,16,NULL,NULL,NULL,'2018-04-18 07:06:40',NULL),
	(73,73,4,NULL,NULL,16,NULL,NULL,NULL,'2018-04-18 07:06:40',NULL),
	(74,74,5,NULL,NULL,8,NULL,NULL,NULL,'2018-04-18 07:06:40',NULL),
	(75,75,3,NULL,NULL,24,NULL,NULL,NULL,'2018-04-18 07:06:40',NULL),
	(76,76,7,NULL,NULL,0,NULL,NULL,NULL,'2018-04-18 07:06:40',NULL),
	(77,77,7,NULL,NULL,0,NULL,NULL,NULL,'2018-04-18 07:06:40',NULL),
	(78,78,3,NULL,NULL,24,NULL,NULL,NULL,'2018-04-18 07:06:40',NULL),
	(79,79,7,NULL,NULL,0,NULL,NULL,NULL,'2018-04-18 07:06:40',NULL),
	(80,80,7,NULL,NULL,0,NULL,NULL,NULL,'2018-04-18 07:06:40',NULL),
	(81,81,5,NULL,NULL,8,NULL,NULL,NULL,'2018-04-18 07:06:40',NULL),
	(82,82,5,NULL,NULL,8,NULL,NULL,NULL,'2018-04-18 07:06:40',NULL),
	(83,83,3,NULL,NULL,24,NULL,NULL,NULL,'2018-04-18 07:06:40',NULL),
	(84,84,4,NULL,NULL,16,NULL,NULL,NULL,'2018-04-18 07:06:40',NULL),
	(85,85,7,NULL,NULL,0,NULL,NULL,NULL,'2018-04-18 07:06:40',NULL),
	(86,86,5,NULL,NULL,8,NULL,NULL,NULL,'2018-04-18 07:06:40',NULL),
	(87,87,4,NULL,NULL,16,NULL,NULL,NULL,'2018-04-18 07:06:40',NULL),
	(88,88,7,NULL,NULL,0,NULL,NULL,NULL,'2018-04-18 07:06:40',NULL),
	(89,89,4,NULL,NULL,16,NULL,NULL,NULL,'2018-04-18 07:06:40',NULL),
	(90,90,3,NULL,NULL,24,NULL,NULL,NULL,'2018-04-18 07:06:40',NULL),
	(91,91,7,NULL,NULL,0,NULL,NULL,NULL,'2018-04-18 07:06:40',NULL),
	(92,92,7,NULL,NULL,0,NULL,NULL,NULL,'2018-04-18 07:06:40',NULL),
	(93,93,7,NULL,NULL,0,NULL,NULL,NULL,'2018-04-18 07:06:40',NULL),
	(94,94,7,NULL,NULL,0,NULL,NULL,NULL,'2018-04-18 07:06:40',NULL),
	(95,95,3,NULL,NULL,24,NULL,NULL,NULL,'2018-04-18 07:06:40',NULL),
	(96,96,7,NULL,NULL,0,NULL,NULL,NULL,'2018-04-18 07:06:40',NULL),
	(97,97,7,NULL,NULL,0,NULL,NULL,NULL,'2018-04-18 07:06:40',NULL),
	(98,98,7,NULL,NULL,0,NULL,NULL,NULL,'2018-04-18 07:06:40',NULL),
	(99,99,5,NULL,NULL,8,NULL,NULL,NULL,'2018-04-18 07:06:40',NULL),
	(100,100,7,NULL,NULL,0,NULL,NULL,NULL,'2018-04-18 07:06:40',NULL),
	(101,101,4,NULL,NULL,16,NULL,NULL,NULL,'2018-04-18 07:06:40',NULL),
	(102,102,5,NULL,NULL,8,NULL,NULL,NULL,'2018-04-18 07:06:40',NULL),
	(103,103,7,NULL,NULL,0,NULL,NULL,NULL,'2018-04-18 07:06:40',NULL),
	(104,104,4,NULL,NULL,16,NULL,NULL,NULL,'2018-04-18 07:06:40',NULL),
	(105,105,7,NULL,NULL,0,NULL,NULL,NULL,'2018-04-18 07:06:40',NULL),
	(106,106,7,NULL,NULL,0,NULL,NULL,NULL,'2018-04-18 07:06:40',NULL),
	(107,107,7,NULL,NULL,0,NULL,NULL,NULL,'2018-04-18 07:06:40',NULL),
	(108,108,3,NULL,NULL,24,NULL,NULL,NULL,'2018-04-18 07:06:40',NULL),
	(109,109,4,NULL,NULL,16,NULL,NULL,NULL,'2018-04-18 07:06:40',NULL),
	(110,110,5,NULL,NULL,8,NULL,NULL,NULL,'2018-04-18 07:06:40',NULL),
	(111,111,7,NULL,NULL,0,NULL,NULL,NULL,'2018-04-18 07:06:40',NULL),
	(112,112,7,NULL,NULL,0,NULL,NULL,NULL,'2018-04-18 07:06:40',NULL),
	(113,113,4,NULL,NULL,16,NULL,NULL,NULL,'2018-04-18 07:06:40',NULL),
	(114,114,7,NULL,NULL,0,NULL,NULL,NULL,'2018-04-18 07:06:40',NULL),
	(115,115,7,NULL,NULL,0,NULL,NULL,NULL,'2018-04-18 07:06:40',NULL),
	(116,116,3,NULL,NULL,24,NULL,NULL,NULL,'2018-04-18 07:06:40',NULL),
	(117,117,7,NULL,NULL,0,NULL,NULL,NULL,'2018-04-18 07:06:40',NULL),
	(118,118,7,NULL,NULL,0,NULL,NULL,NULL,'2018-04-18 07:06:40',NULL),
	(119,119,2,NULL,NULL,32,NULL,NULL,NULL,'2018-04-18 07:06:40',NULL),
	(120,120,7,NULL,NULL,0,NULL,NULL,NULL,'2018-04-18 07:06:40',NULL),
	(121,121,7,NULL,NULL,0,NULL,NULL,NULL,'2018-04-18 07:06:40',NULL),
	(122,122,4,NULL,NULL,16,NULL,NULL,NULL,'2018-04-18 07:06:40',NULL),
	(123,123,5,NULL,NULL,8,NULL,NULL,NULL,'2018-04-18 07:06:40',NULL),
	(124,124,5,NULL,NULL,8,NULL,NULL,NULL,'2018-04-18 07:06:40',NULL),
	(125,125,4,NULL,NULL,16,NULL,NULL,NULL,'2018-04-18 07:06:40',NULL),
	(126,126,4,NULL,NULL,16,NULL,NULL,NULL,'2018-04-18 07:06:40',NULL),
	(127,127,4,NULL,NULL,16,NULL,NULL,NULL,'2018-04-18 07:06:40',NULL),
	(128,128,2,NULL,NULL,32,NULL,NULL,NULL,'2018-04-18 07:06:40',NULL),
	(129,129,4,NULL,NULL,16,NULL,NULL,NULL,'2018-04-18 07:06:40',NULL),
	(130,130,5,NULL,NULL,8,NULL,NULL,NULL,'2018-04-18 07:06:40',NULL),
	(131,131,4,NULL,NULL,16,NULL,NULL,NULL,'2018-04-18 07:06:40',NULL),
	(132,132,7,NULL,NULL,0,NULL,NULL,NULL,'2018-04-18 07:06:40',NULL),
	(133,133,5,NULL,NULL,8,NULL,NULL,NULL,'2018-04-18 07:06:40',NULL),
	(134,134,3,NULL,NULL,24,NULL,NULL,NULL,'2018-04-18 07:06:40',NULL),
	(135,135,3,NULL,NULL,24,NULL,NULL,NULL,'2018-04-18 07:06:40',NULL),
	(136,136,4,NULL,NULL,16,NULL,NULL,NULL,'2018-04-18 07:06:40',NULL),
	(137,137,5,NULL,NULL,8,NULL,NULL,NULL,'2018-04-18 07:06:40',NULL),
	(138,138,5,NULL,NULL,8,NULL,NULL,NULL,'2018-04-18 07:06:40',NULL),
	(139,139,7,NULL,NULL,0,NULL,NULL,NULL,'2018-04-18 07:06:40',NULL),
	(140,140,5,NULL,NULL,8,NULL,NULL,NULL,'2018-04-18 07:06:40',NULL),
	(141,141,4,NULL,NULL,16,NULL,NULL,NULL,'2018-04-18 07:06:40',NULL),
	(142,142,7,NULL,NULL,0,NULL,NULL,NULL,'2018-04-18 07:06:40',NULL),
	(143,143,7,NULL,NULL,0,NULL,NULL,NULL,'2018-04-18 07:06:40',NULL),
	(144,144,4,NULL,NULL,16,NULL,NULL,NULL,'2018-04-18 07:06:40',NULL),
	(145,145,3,NULL,NULL,24,NULL,NULL,NULL,'2018-04-18 07:06:40',NULL),
	(146,146,5,NULL,NULL,8,NULL,NULL,NULL,'2018-04-18 07:06:40',NULL),
	(147,147,7,NULL,NULL,0,NULL,NULL,NULL,'2018-04-18 07:06:40',NULL),
	(148,148,5,NULL,NULL,8,NULL,NULL,NULL,'2018-04-18 07:06:40',NULL),
	(149,149,4,NULL,NULL,16,NULL,NULL,NULL,'2018-04-18 07:06:40',NULL),
	(150,150,4,NULL,NULL,16,NULL,NULL,NULL,'2018-04-18 07:06:40',NULL),
	(151,151,3,NULL,NULL,24,NULL,NULL,NULL,'2018-04-18 07:06:40',NULL),
	(152,152,3,NULL,NULL,24,NULL,NULL,NULL,'2018-04-18 07:06:40',NULL),
	(153,153,2,NULL,NULL,32,NULL,NULL,NULL,'2018-04-18 07:06:40',NULL),
	(154,154,5,NULL,NULL,8,NULL,NULL,NULL,'2018-04-18 07:06:40',NULL),
	(155,155,4,NULL,NULL,16,NULL,NULL,NULL,'2018-04-18 07:06:40',NULL),
	(156,156,7,NULL,NULL,0,NULL,NULL,NULL,'2018-04-18 07:06:40',NULL),
	(157,157,5,NULL,NULL,8,NULL,NULL,NULL,'2018-04-18 07:06:40',NULL),
	(158,158,4,NULL,NULL,16,NULL,NULL,NULL,'2018-04-18 07:06:40',NULL),
	(159,159,4,NULL,NULL,16,NULL,NULL,NULL,'2018-04-18 07:06:40',NULL),
	(160,160,4,NULL,NULL,16,NULL,NULL,NULL,'2018-04-18 07:06:40',NULL),
	(161,161,5,NULL,NULL,8,NULL,NULL,NULL,'2018-04-18 07:06:40',NULL),
	(162,162,5,NULL,NULL,8,NULL,NULL,NULL,'2018-04-18 07:06:40',NULL),
	(163,163,7,NULL,NULL,0,NULL,NULL,NULL,'2018-04-18 07:06:40',NULL),
	(164,164,7,NULL,NULL,0,NULL,NULL,NULL,'2018-04-18 07:06:40',NULL),
	(165,165,4,NULL,NULL,16,NULL,NULL,NULL,'2018-04-18 07:06:40',NULL),
	(166,166,3,NULL,NULL,24,NULL,NULL,NULL,'2018-04-18 07:06:40',NULL),
	(167,167,4,NULL,NULL,16,NULL,NULL,NULL,'2018-04-18 07:06:40',NULL),
	(168,168,4,NULL,NULL,16,NULL,NULL,NULL,'2018-04-18 07:06:40',NULL),
	(169,169,2,NULL,NULL,32,NULL,NULL,NULL,'2018-04-18 07:06:40',NULL),
	(170,170,7,NULL,NULL,0,NULL,NULL,NULL,'2018-04-18 07:06:40',NULL),
	(171,171,6,NULL,NULL,0,NULL,NULL,NULL,'2018-04-18 07:06:40',NULL),
	(172,172,6,NULL,NULL,0,NULL,NULL,NULL,'2018-04-18 07:06:40',NULL),
	(173,173,7,NULL,NULL,0,NULL,NULL,NULL,'2018-04-18 07:06:40',NULL),
	(174,174,5,NULL,NULL,8,NULL,NULL,NULL,'2018-04-18 07:06:40',NULL),
	(175,175,7,NULL,NULL,0,NULL,NULL,NULL,'2018-04-18 07:06:40',NULL),
	(176,176,5,NULL,NULL,8,NULL,NULL,NULL,'2018-04-18 07:06:40',NULL),
	(177,177,7,NULL,NULL,0,NULL,NULL,NULL,'2018-04-18 07:06:40',NULL),
	(178,178,7,NULL,NULL,0,NULL,NULL,NULL,'2018-04-18 07:06:40',NULL),
	(179,179,7,NULL,NULL,0,NULL,NULL,NULL,'2018-04-18 07:06:40',NULL),
	(180,180,4,NULL,NULL,16,NULL,NULL,NULL,'2018-04-18 07:06:40',NULL),
	(181,181,5,NULL,NULL,8,NULL,NULL,NULL,'2018-04-18 07:06:40',NULL),
	(182,182,5,NULL,NULL,8,NULL,NULL,NULL,'2018-04-18 07:06:40',NULL),
	(183,183,6,NULL,NULL,0,NULL,NULL,NULL,'2018-04-18 07:06:40',NULL),
	(184,184,5,NULL,NULL,8,NULL,NULL,NULL,'2018-04-18 07:06:40',NULL),
	(185,185,7,NULL,NULL,0,NULL,NULL,NULL,'2018-04-18 07:06:40',NULL),
	(186,186,1,NULL,NULL,9999,NULL,NULL,NULL,'2018-04-18 07:06:40',NULL),
	(187,187,6,NULL,NULL,0,NULL,NULL,NULL,'2018-04-18 07:06:40',NULL),
	(188,188,7,NULL,NULL,0,NULL,NULL,NULL,'2018-04-18 07:06:40',NULL),
	(189,189,2,NULL,NULL,32,NULL,NULL,NULL,'2018-04-18 07:06:40',NULL),
	(190,190,5,NULL,NULL,8,NULL,NULL,NULL,'2018-04-18 07:06:40',NULL),
	(191,191,5,NULL,NULL,8,NULL,NULL,NULL,'2018-04-18 07:06:40',NULL),
	(192,192,4,NULL,NULL,16,NULL,NULL,NULL,'2018-04-18 07:06:40',NULL),
	(193,193,4,NULL,NULL,16,NULL,NULL,NULL,'2018-04-18 07:06:40',NULL),
	(194,194,7,NULL,NULL,0,NULL,NULL,NULL,'2018-04-18 07:06:40',NULL),
	(195,195,6,NULL,NULL,0,NULL,NULL,NULL,'2018-04-18 07:06:40',NULL),
	(196,196,4,NULL,NULL,16,NULL,NULL,NULL,'2018-04-18 07:06:40',NULL),
	(197,197,7,NULL,NULL,0,NULL,NULL,NULL,'2018-04-18 07:06:40',NULL),
	(198,198,4,NULL,NULL,16,NULL,NULL,NULL,'2018-04-18 07:06:40',NULL),
	(199,199,4,NULL,NULL,16,NULL,NULL,NULL,'2018-04-18 07:06:40',NULL),
	(200,200,7,NULL,NULL,0,NULL,NULL,NULL,'2018-04-18 07:06:40',NULL),
	(201,201,6,NULL,NULL,0,NULL,NULL,NULL,'2018-04-18 07:06:40',NULL),
	(202,202,4,NULL,NULL,16,NULL,NULL,NULL,'2018-04-18 07:06:40',NULL),
	(203,203,5,NULL,NULL,8,NULL,NULL,NULL,'2018-04-18 07:06:40',NULL),
	(204,204,6,NULL,NULL,0,NULL,NULL,NULL,'2018-04-18 07:06:40',NULL),
	(205,205,6,NULL,NULL,0,NULL,NULL,NULL,'2018-04-18 07:06:40',NULL),
	(206,206,7,NULL,NULL,0,NULL,NULL,NULL,'2018-04-18 07:06:40',NULL),
	(207,207,4,NULL,NULL,16,NULL,NULL,NULL,'2018-04-18 07:06:40',NULL),
	(208,208,5,NULL,NULL,8,NULL,NULL,NULL,'2018-04-18 07:06:40',NULL),
	(209,209,4,NULL,NULL,16,NULL,NULL,NULL,'2018-04-18 07:06:40',NULL),
	(210,210,7,NULL,NULL,0,NULL,NULL,NULL,'2018-04-18 07:06:40',NULL),
	(211,211,6,NULL,NULL,0,NULL,NULL,NULL,'2018-04-18 07:06:40',NULL),
	(212,212,1,NULL,NULL,9999,NULL,NULL,NULL,'2018-04-18 07:06:40',NULL),
	(213,213,4,NULL,NULL,16,NULL,NULL,NULL,'2018-04-18 07:06:40',NULL),
	(214,214,5,NULL,NULL,8,NULL,NULL,NULL,'2018-04-18 07:06:40',NULL),
	(215,215,7,NULL,NULL,0,NULL,NULL,NULL,'2018-04-18 07:06:40',NULL),
	(216,216,1,NULL,NULL,9999,NULL,NULL,NULL,'2018-04-18 07:06:40',NULL),
	(217,217,4,NULL,NULL,16,NULL,NULL,NULL,'2018-04-18 07:06:40',NULL),
	(218,218,7,NULL,NULL,0,NULL,NULL,NULL,'2018-04-18 07:06:40',NULL),
	(219,219,7,NULL,NULL,0,NULL,NULL,NULL,'2018-04-18 07:06:40',NULL),
	(220,220,7,NULL,NULL,0,NULL,NULL,NULL,'2018-04-18 07:06:40',NULL),
	(221,221,6,NULL,NULL,0,NULL,NULL,NULL,'2018-04-18 07:06:40',NULL),
	(222,222,4,NULL,NULL,16,NULL,NULL,NULL,'2018-04-18 07:06:40',NULL),
	(223,223,4,NULL,NULL,16,NULL,NULL,NULL,'2018-04-18 07:06:40',NULL),
	(224,224,4,NULL,NULL,16,NULL,NULL,NULL,'2018-04-18 07:06:40',NULL),
	(225,225,7,NULL,NULL,0,NULL,NULL,NULL,'2018-04-18 07:06:40',NULL),
	(226,226,4,NULL,NULL,16,NULL,NULL,NULL,'2018-04-18 07:06:40',NULL),
	(227,227,4,NULL,NULL,16,NULL,NULL,NULL,'2018-04-18 07:06:40',NULL),
	(228,228,3,NULL,NULL,24,NULL,NULL,NULL,'2018-04-18 07:06:40',NULL),
	(229,229,4,NULL,NULL,16,NULL,NULL,NULL,'2018-04-18 07:06:40',NULL),
	(230,230,7,NULL,NULL,0,NULL,NULL,NULL,'2018-04-18 07:06:40',NULL),
	(231,231,7,NULL,NULL,0,NULL,NULL,NULL,'2018-04-18 07:06:40',NULL),
	(232,232,4,NULL,NULL,16,NULL,NULL,NULL,'2018-04-18 07:06:40',NULL),
	(233,233,4,NULL,NULL,16,NULL,NULL,NULL,'2018-04-18 07:06:40',NULL),
	(234,234,7,NULL,NULL,0,NULL,NULL,NULL,'2018-04-18 07:06:40',NULL),
	(235,235,5,NULL,NULL,8,NULL,NULL,NULL,'2018-04-18 07:06:40',NULL),
	(236,236,4,NULL,NULL,16,NULL,NULL,NULL,'2018-04-18 07:06:40',NULL),
	(237,237,4,NULL,NULL,16,NULL,NULL,NULL,'2018-04-18 07:06:40',NULL),
	(238,238,4,NULL,NULL,16,NULL,NULL,NULL,'2018-04-18 07:06:40',NULL),
	(239,239,7,NULL,NULL,0,NULL,NULL,NULL,'2018-04-18 07:06:40',NULL),
	(240,240,6,NULL,NULL,0,NULL,NULL,NULL,'2018-04-18 07:06:40',NULL),
	(241,241,6,NULL,NULL,0,NULL,NULL,NULL,'2018-04-18 07:06:40',NULL),
	(242,242,5,NULL,NULL,8,NULL,NULL,NULL,'2018-04-18 07:06:40',NULL),
	(243,243,7,NULL,NULL,0,NULL,NULL,NULL,'2018-04-18 07:06:40',NULL),
	(244,244,4,NULL,NULL,16,NULL,NULL,NULL,'2018-04-18 07:06:40',NULL),
	(245,245,3,NULL,NULL,24,NULL,NULL,NULL,'2018-04-18 07:06:40',NULL),
	(246,246,2,NULL,NULL,32,NULL,NULL,NULL,'2018-04-18 07:06:40',NULL),
	(247,247,6,NULL,NULL,0,NULL,NULL,NULL,'2018-04-18 07:06:40',NULL),
	(248,248,5,NULL,NULL,8,NULL,NULL,NULL,'2018-04-18 07:06:40',NULL),
	(249,249,7,NULL,NULL,0,NULL,NULL,NULL,'2018-04-18 07:06:40',NULL),
	(250,250,6,NULL,NULL,0,NULL,NULL,NULL,'2018-04-18 07:06:40',NULL),
	(251,251,5,NULL,NULL,8,NULL,NULL,NULL,'2018-04-18 07:06:40',NULL),
	(252,252,6,NULL,NULL,0,NULL,NULL,NULL,'2018-04-18 07:06:40',NULL),
	(253,253,5,NULL,NULL,8,NULL,NULL,NULL,'2018-04-18 07:06:40',NULL),
	(254,254,5,NULL,NULL,8,NULL,NULL,NULL,'2018-04-18 07:06:40',NULL),
	(255,255,7,NULL,NULL,0,NULL,NULL,NULL,'2018-04-18 07:06:40',NULL),
	(256,256,4,NULL,NULL,16,NULL,NULL,NULL,'2018-04-18 07:06:40',NULL),
	(257,257,6,NULL,NULL,0,NULL,NULL,NULL,'2018-04-18 07:06:40',NULL),
	(258,258,5,NULL,NULL,8,NULL,NULL,NULL,'2018-04-18 07:06:40',NULL),
	(259,259,7,NULL,NULL,0,NULL,NULL,NULL,'2018-04-18 07:06:40',NULL),
	(260,260,4,NULL,NULL,16,NULL,NULL,NULL,'2018-04-18 07:06:40',NULL),
	(261,261,5,NULL,NULL,8,NULL,NULL,NULL,'2018-04-18 07:06:40',NULL),
	(262,262,7,NULL,NULL,0,NULL,NULL,NULL,'2018-04-18 07:06:40',NULL),
	(263,263,5,NULL,NULL,8,NULL,NULL,NULL,'2018-04-18 07:06:40',NULL),
	(264,264,7,NULL,NULL,0,NULL,NULL,NULL,'2018-04-18 07:06:40',NULL),
	(265,265,2,NULL,NULL,32,NULL,NULL,NULL,'2018-04-18 07:06:40',NULL),
	(266,266,5,NULL,NULL,8,NULL,NULL,NULL,'2018-04-18 07:06:40',NULL),
	(267,267,5,NULL,NULL,8,NULL,NULL,NULL,'2018-04-18 07:06:40',NULL),
	(268,268,7,NULL,NULL,0,NULL,NULL,NULL,'2018-04-18 07:06:40',NULL),
	(269,269,7,NULL,NULL,0,NULL,NULL,NULL,'2018-04-18 07:06:40',NULL),
	(270,270,6,NULL,NULL,0,NULL,NULL,NULL,'2018-04-18 07:06:40',NULL),
	(271,271,6,NULL,NULL,0,NULL,NULL,NULL,'2018-04-18 07:06:40',NULL),
	(272,272,2,NULL,NULL,32,NULL,NULL,NULL,'2018-04-18 07:06:40',NULL),
	(273,273,7,NULL,NULL,0,NULL,NULL,NULL,'2018-04-18 07:06:40',NULL),
	(274,274,5,NULL,NULL,8,NULL,NULL,NULL,'2018-04-18 07:06:40',NULL),
	(275,275,4,NULL,NULL,16,NULL,NULL,NULL,'2018-04-18 07:06:40',NULL),
	(276,276,6,NULL,NULL,0,NULL,NULL,NULL,'2018-04-18 07:06:40',NULL),
	(277,277,4,NULL,NULL,16,NULL,NULL,NULL,'2018-04-18 07:06:40',NULL),
	(278,278,4,NULL,NULL,16,NULL,NULL,NULL,'2018-04-18 07:06:40',NULL),
	(279,279,4,NULL,NULL,16,NULL,NULL,NULL,'2018-04-18 07:06:40',NULL),
	(280,280,2,NULL,NULL,32,NULL,NULL,NULL,'2018-04-18 07:06:40',NULL),
	(281,281,4,NULL,NULL,16,NULL,NULL,NULL,'2018-04-18 07:06:40',NULL),
	(282,282,6,NULL,NULL,0,NULL,NULL,NULL,'2018-04-18 07:06:40',NULL),
	(283,283,7,NULL,NULL,0,NULL,NULL,NULL,'2018-04-18 07:06:40',NULL),
	(284,284,5,NULL,NULL,8,NULL,NULL,NULL,'2018-04-18 07:06:40',NULL),
	(285,285,7,NULL,NULL,0,NULL,NULL,NULL,'2018-04-18 07:06:40',NULL),
	(286,286,7,NULL,NULL,0,NULL,NULL,NULL,'2018-04-18 07:06:40',NULL),
	(287,287,5,NULL,NULL,8,NULL,NULL,NULL,'2018-04-18 07:06:40',NULL),
	(288,288,6,NULL,NULL,0,NULL,NULL,NULL,'2018-04-18 07:06:40',NULL),
	(289,289,4,NULL,NULL,16,NULL,NULL,NULL,'2018-04-18 07:06:40',NULL),
	(290,290,7,NULL,NULL,0,NULL,NULL,NULL,'2018-04-18 07:06:40',NULL),
	(291,291,3,NULL,NULL,24,NULL,NULL,NULL,'2018-04-18 07:06:40',NULL),
	(292,292,4,NULL,NULL,16,NULL,NULL,NULL,'2018-04-18 07:06:40',NULL),
	(293,293,7,NULL,NULL,0,NULL,NULL,NULL,'2018-04-18 07:06:40',NULL),
	(294,294,3,NULL,NULL,24,NULL,NULL,NULL,'2018-04-18 07:06:40',NULL),
	(295,295,5,NULL,NULL,8,NULL,NULL,NULL,'2018-04-18 07:06:40',NULL),
	(296,296,3,NULL,NULL,24,NULL,NULL,NULL,'2018-04-18 07:06:40',NULL),
	(297,297,7,NULL,NULL,0,NULL,NULL,NULL,'2018-04-18 07:06:40',NULL),
	(298,298,6,NULL,NULL,0,NULL,NULL,NULL,'2018-04-18 07:06:40',NULL),
	(299,299,6,NULL,NULL,0,NULL,NULL,NULL,'2018-04-18 07:06:40',NULL),
	(300,300,6,NULL,NULL,0,NULL,NULL,NULL,'2018-04-18 07:06:40',NULL),
	(301,301,6,NULL,NULL,0,NULL,NULL,NULL,'2018-04-18 07:06:40',NULL),
	(302,302,6,NULL,NULL,0,NULL,NULL,NULL,'2018-04-18 07:06:40',NULL),
	(303,303,7,NULL,NULL,0,NULL,NULL,NULL,'2018-04-18 07:06:40',NULL),
	(304,304,7,NULL,NULL,0,NULL,NULL,NULL,'2018-04-18 07:06:40',NULL),
	(305,305,6,NULL,NULL,0,NULL,NULL,NULL,'2018-04-18 07:06:40',NULL),
	(306,306,7,NULL,NULL,0,NULL,NULL,NULL,'2018-04-18 07:06:40',NULL),
	(307,307,7,NULL,NULL,0,NULL,NULL,NULL,'2018-04-18 07:06:40',NULL),
	(308,308,7,NULL,NULL,0,NULL,NULL,NULL,'2018-04-18 07:06:40',NULL),
	(309,309,4,NULL,NULL,16,NULL,NULL,NULL,'2018-04-18 07:06:40',NULL),
	(310,310,7,NULL,NULL,0,NULL,NULL,NULL,'2018-04-18 07:06:40',NULL),
	(311,311,7,NULL,NULL,0,NULL,NULL,NULL,'2018-04-18 07:06:40',NULL),
	(312,312,4,NULL,NULL,16,NULL,NULL,NULL,'2018-04-18 07:06:40',NULL),
	(313,313,7,NULL,NULL,0,NULL,NULL,NULL,'2018-04-18 07:06:40',NULL),
	(314,314,4,NULL,NULL,16,NULL,NULL,NULL,'2018-04-18 07:06:40',NULL),
	(315,315,7,NULL,NULL,0,NULL,NULL,NULL,'2018-04-18 07:06:40',NULL),
	(316,316,7,NULL,NULL,0,NULL,NULL,NULL,'2018-04-18 07:06:40',NULL),
	(317,317,7,NULL,NULL,0,NULL,NULL,NULL,'2018-04-18 07:06:40',NULL),
	(318,318,7,NULL,NULL,0,NULL,NULL,NULL,'2018-04-18 07:06:40',NULL),
	(319,319,5,NULL,NULL,8,NULL,NULL,NULL,'2018-04-18 07:06:40',NULL),
	(320,320,7,NULL,NULL,0,NULL,NULL,NULL,'2018-04-18 07:06:40',NULL),
	(321,321,2,NULL,NULL,32,NULL,NULL,NULL,'2018-04-18 07:06:40',NULL),
	(322,322,6,NULL,NULL,0,NULL,NULL,NULL,'2018-04-18 07:06:40',NULL),
	(323,323,6,NULL,NULL,0,NULL,NULL,NULL,'2018-04-18 07:06:40',NULL),
	(324,324,4,NULL,NULL,16,NULL,NULL,NULL,'2018-04-18 07:06:40',NULL),
	(325,325,2,NULL,NULL,32,NULL,NULL,NULL,'2018-04-18 07:06:40',NULL),
	(326,326,6,NULL,NULL,0,NULL,NULL,NULL,'2018-04-18 07:06:40',NULL),
	(327,327,7,NULL,NULL,0,NULL,NULL,NULL,'2018-04-18 07:06:40',NULL),
	(328,328,5,NULL,NULL,8,NULL,NULL,NULL,'2018-04-18 07:06:40',NULL),
	(329,329,5,NULL,NULL,8,NULL,NULL,NULL,'2018-04-18 07:06:40',NULL),
	(330,330,7,NULL,NULL,0,NULL,NULL,NULL,'2018-04-18 07:06:40',NULL),
	(331,331,5,NULL,NULL,8,NULL,NULL,NULL,'2018-04-18 07:06:40',NULL),
	(332,332,4,NULL,NULL,16,NULL,NULL,NULL,'2018-04-18 07:06:40',NULL),
	(333,333,3,NULL,NULL,24,NULL,NULL,NULL,'2018-04-18 07:06:40',NULL),
	(334,334,6,NULL,NULL,0,NULL,NULL,NULL,'2018-04-18 07:06:40',NULL),
	(335,335,6,NULL,NULL,0,NULL,NULL,NULL,'2018-04-18 07:06:40',NULL),
	(336,336,7,NULL,NULL,0,NULL,NULL,NULL,'2018-04-18 07:06:40',NULL),
	(337,337,6,NULL,NULL,0,NULL,NULL,NULL,'2018-04-18 07:06:40',NULL),
	(338,338,7,NULL,NULL,0,NULL,NULL,NULL,'2018-04-18 07:06:40',NULL),
	(339,339,7,NULL,NULL,0,NULL,NULL,NULL,'2018-04-18 07:06:40',NULL),
	(340,340,4,NULL,NULL,16,NULL,NULL,NULL,'2018-04-18 07:06:40',NULL),
	(341,341,4,NULL,NULL,16,NULL,NULL,NULL,'2018-04-18 07:06:40',NULL),
	(342,342,6,NULL,NULL,0,NULL,NULL,NULL,'2018-04-18 07:06:40',NULL),
	(343,343,7,NULL,NULL,0,NULL,NULL,NULL,'2018-04-18 07:06:40',NULL),
	(344,344,7,NULL,NULL,0,NULL,NULL,NULL,'2018-04-18 07:06:40',NULL),
	(345,345,6,NULL,NULL,0,NULL,NULL,NULL,'2018-04-18 07:06:40',NULL),
	(346,346,7,NULL,NULL,0,NULL,NULL,NULL,'2018-04-18 07:06:40',NULL),
	(347,347,4,NULL,NULL,16,NULL,NULL,NULL,'2018-04-18 07:06:40',NULL),
	(348,348,6,NULL,NULL,0,NULL,NULL,NULL,'2018-04-18 07:06:40',NULL),
	(349,349,4,NULL,NULL,16,NULL,NULL,NULL,'2018-04-18 07:06:40',NULL),
	(350,350,7,NULL,NULL,0,NULL,NULL,NULL,'2018-04-18 07:06:40',NULL),
	(351,351,4,NULL,NULL,16,NULL,NULL,NULL,'2018-04-18 07:06:40',NULL),
	(352,352,3,NULL,NULL,24,NULL,NULL,NULL,'2018-04-18 07:06:40',NULL),
	(353,353,3,NULL,NULL,24,NULL,NULL,NULL,'2018-04-18 07:06:40',NULL),
	(354,354,7,NULL,NULL,0,NULL,NULL,NULL,'2018-04-18 07:06:40',NULL),
	(355,355,4,NULL,NULL,16,NULL,NULL,NULL,'2018-04-18 07:06:40',NULL),
	(356,356,7,NULL,NULL,0,NULL,NULL,NULL,'2018-04-18 07:06:40',NULL),
	(357,357,4,NULL,NULL,16,NULL,NULL,NULL,'2018-04-18 07:06:40',NULL),
	(358,358,4,NULL,NULL,16,NULL,NULL,NULL,'2018-04-18 07:06:40',NULL),
	(359,359,6,NULL,NULL,0,NULL,NULL,NULL,'2018-04-18 07:06:40',NULL),
	(360,360,5,NULL,NULL,8,NULL,NULL,NULL,'2018-04-18 07:06:40',NULL),
	(361,361,4,NULL,NULL,16,NULL,NULL,NULL,'2018-04-18 07:06:40',NULL),
	(362,362,7,NULL,NULL,0,NULL,NULL,NULL,'2018-04-18 07:06:40',NULL),
	(363,363,7,NULL,NULL,0,NULL,NULL,NULL,'2018-04-18 07:06:40',NULL),
	(364,364,7,NULL,NULL,0,NULL,NULL,NULL,'2018-04-18 07:06:40',NULL),
	(365,365,6,NULL,NULL,0,NULL,NULL,NULL,'2018-04-18 07:06:40',NULL),
	(366,366,4,NULL,NULL,16,NULL,NULL,NULL,'2018-04-18 07:06:40',NULL),
	(367,367,4,NULL,NULL,16,NULL,NULL,NULL,'2018-04-18 07:06:40',NULL),
	(368,368,4,NULL,NULL,16,NULL,NULL,NULL,'2018-04-18 07:06:40',NULL),
	(369,369,6,NULL,NULL,0,NULL,NULL,NULL,'2018-04-18 07:06:40',NULL),
	(370,370,4,NULL,NULL,16,NULL,NULL,NULL,'2018-04-18 07:06:40',NULL),
	(371,371,4,NULL,NULL,16,NULL,NULL,NULL,'2018-04-18 07:06:40',NULL),
	(372,372,1,NULL,NULL,9999,NULL,NULL,NULL,'2018-04-18 07:06:40',NULL),
	(373,373,3,NULL,NULL,24,NULL,NULL,NULL,'2018-04-18 07:06:40',NULL),
	(374,374,7,NULL,NULL,0,NULL,NULL,NULL,'2018-04-18 07:06:40',NULL),
	(375,375,7,NULL,NULL,0,NULL,NULL,NULL,'2018-04-18 07:06:40',NULL),
	(376,376,7,NULL,NULL,0,NULL,NULL,NULL,'2018-04-18 07:06:40',NULL),
	(377,377,7,NULL,NULL,0,NULL,NULL,NULL,'2018-04-18 07:06:40',NULL),
	(378,378,5,NULL,NULL,8,NULL,NULL,NULL,'2018-04-18 07:06:40',NULL),
	(379,379,6,NULL,NULL,0,NULL,NULL,NULL,'2018-04-18 07:06:40',NULL),
	(380,380,7,NULL,NULL,0,NULL,NULL,NULL,'2018-04-18 07:06:40',NULL),
	(381,381,7,NULL,NULL,0,NULL,NULL,NULL,'2018-04-18 07:06:40',NULL),
	(382,382,7,NULL,NULL,0,NULL,NULL,NULL,'2018-04-18 07:06:40',NULL),
	(383,383,5,NULL,NULL,8,NULL,NULL,NULL,'2018-04-18 07:06:40',NULL),
	(384,384,3,NULL,NULL,24,NULL,NULL,NULL,'2018-04-18 07:06:40',NULL),
	(385,385,7,NULL,NULL,0,NULL,NULL,NULL,'2018-04-18 07:06:40',NULL),
	(386,386,6,NULL,NULL,0,NULL,NULL,NULL,'2018-04-18 07:06:40',NULL),
	(387,387,5,NULL,NULL,8,NULL,NULL,NULL,'2018-04-18 07:06:40',NULL),
	(388,388,7,NULL,NULL,0,NULL,NULL,NULL,'2018-04-18 07:06:40',NULL),
	(389,389,5,NULL,NULL,8,NULL,NULL,NULL,'2018-04-18 07:06:40',NULL),
	(390,390,6,NULL,NULL,0,NULL,NULL,NULL,'2018-04-18 07:06:40',NULL),
	(391,391,7,NULL,NULL,0,NULL,NULL,NULL,'2018-04-18 07:06:40',NULL),
	(392,392,7,NULL,NULL,0,NULL,NULL,NULL,'2018-04-18 07:06:40',NULL),
	(393,393,7,NULL,NULL,0,NULL,NULL,NULL,'2018-04-18 07:06:40',NULL),
	(394,394,7,NULL,NULL,0,NULL,NULL,NULL,'2018-04-18 07:06:40',NULL),
	(395,395,7,NULL,NULL,0,NULL,NULL,NULL,'2018-04-18 07:06:40',NULL),
	(396,396,5,NULL,NULL,8,NULL,NULL,NULL,'2018-04-18 07:06:40',NULL),
	(397,397,7,NULL,NULL,0,NULL,NULL,NULL,'2018-04-18 07:06:40',NULL),
	(398,398,4,NULL,NULL,16,NULL,NULL,NULL,'2018-04-18 07:06:40',NULL),
	(399,399,7,NULL,NULL,0,NULL,NULL,NULL,'2018-04-18 07:06:40',NULL),
	(400,400,1,NULL,NULL,9999,NULL,NULL,NULL,'2018-04-20 01:41:55',NULL);

/*!40000 ALTER TABLE `oi_class_professional` ENABLE KEYS */;
UNLOCK TABLES;


# Dump of table oi_order
# ------------------------------------------------------------

DROP TABLE IF EXISTS `oi_order`;

CREATE TABLE `oi_order` (
  `id` int(11) NOT NULL AUTO_INCREMENT,
  `student_id_fk` int(11) DEFAULT NULL,
  `order_style` int(2) DEFAULT NULL,
  `target_school` varchar(20) DEFAULT NULL,
  `target_major` varchar(20) DEFAULT NULL,
  `create_time` datetime DEFAULT NULL,
  `update_time` datetime DEFAULT NULL,
  PRIMARY KEY (`id`),
  KEY `student_id_fk` (`student_id_fk`),
  CONSTRAINT `oi_order_ibfk_1` FOREIGN KEY (`student_id_fk`) REFERENCES `ui_student` (`id`) ON DELETE SET NULL ON UPDATE CASCADE
) ENGINE=InnoDB DEFAULT CHARSET=utf8;

LOCK TABLES `oi_order` WRITE;
/*!40000 ALTER TABLE `oi_order` DISABLE KEYS */;

INSERT INTO `oi_order` (`id`, `student_id_fk`, `order_style`, `target_school`, `target_major`, `create_time`, `update_time`)
VALUES
	(23,NULL,1,'首都师范大学专硕',NULL,'2018-04-18 07:04:19',NULL),
	(24,NULL,1,'南京师范大学专硕',NULL,'2018-04-18 07:04:19',NULL),
	(25,NULL,1,'南京师范大学专硕',NULL,'2018-04-18 07:04:19',NULL),
	(26,NULL,1,'南京师范大学专硕',NULL,'2018-04-18 07:04:19',NULL),
	(27,NULL,1,'华东师范大学专硕',NULL,'2018-04-18 07:04:19',NULL),
	(28,NULL,1,'苏州大学学硕',NULL,'2018-04-18 07:04:19',NULL),
	(29,NULL,1,'苏州大学专硕',NULL,'2018-04-18 07:04:19',NULL),
	(30,NULL,1,'华东师范大学专硕',NULL,'2018-04-18 07:04:19',NULL),
	(31,NULL,1,'南京师范大学专硕',NULL,'2018-04-18 07:04:19',NULL),
	(32,NULL,1,'苏州大学专硕',NULL,'2018-04-18 07:04:19',NULL),
	(33,NULL,1,'华东师范大学专硕',NULL,'2018-04-18 07:04:19',NULL),
	(34,45,1,'首都师范大学专硕',NULL,'2018-04-18 07:06:39',NULL),
	(35,46,1,'南京师范大学专硕',NULL,'2018-04-18 07:06:39',NULL),
	(36,47,1,'南京师范大学专硕',NULL,'2018-04-18 07:06:39',NULL),
	(37,48,1,'南京师范大学专硕',NULL,'2018-04-18 07:06:39',NULL),
	(38,49,1,'华东师范大学专硕',NULL,'2018-04-18 07:06:39',NULL),
	(39,50,1,'苏州大学学硕',NULL,'2018-04-18 07:06:39',NULL),
	(40,51,1,'华东师范大学专硕',NULL,'2018-04-18 07:06:39',NULL),
	(41,52,1,'苏州大学专硕',NULL,'2018-04-18 07:06:39',NULL),
	(42,53,1,'南京师范大学专硕',NULL,'2018-04-18 07:06:39',NULL),
	(43,54,1,'苏州大学专硕',NULL,'2018-04-18 07:06:39',NULL),
	(44,55,1,'华东师范大学专硕',NULL,'2018-04-18 07:06:39',NULL),
	(45,56,1,'南京师范大学学硕',NULL,'2018-04-18 07:06:39',NULL),
	(46,57,1,'华南师范大学专硕',NULL,'2018-04-18 07:06:39',NULL),
	(47,58,1,'南京师范大学专硕',NULL,'2018-04-18 07:06:39',NULL),
	(48,59,1,'华南师范大学专硕',NULL,'2018-04-18 07:06:39',NULL),
	(49,60,2,'312统考',NULL,'2018-04-18 07:06:39',NULL),
	(50,61,1,'上海师范大学专硕',NULL,'2018-04-18 07:06:39',NULL),
	(51,62,1,'西南大学专硕',NULL,'2018-04-18 07:06:39',NULL),
	(52,63,1,'西南大学专硕',NULL,'2018-04-18 07:06:39',NULL),
	(53,64,2,'312统考',NULL,'2018-04-18 07:06:39',NULL),
	(54,65,1,'苏州大学专硕',NULL,'2018-04-18 07:06:39',NULL),
	(55,66,2,'312统考',NULL,'2018-04-18 07:06:39',NULL),
	(56,67,1,'苏州大学专硕',NULL,'2018-04-18 07:06:39',NULL),
	(57,68,1,'华东师范大学专硕',NULL,'2018-04-18 07:06:39',NULL),
	(58,69,1,'上海师范大学专硕',NULL,'2018-04-18 07:06:39',NULL),
	(59,70,1,'上海师范大学专硕',NULL,'2018-04-18 07:06:39',NULL),
	(60,71,1,'首都师范大学专硕',NULL,'2018-04-18 07:06:39',NULL),
	(61,72,1,'华南师范大学专硕',NULL,'2018-04-18 07:06:39',NULL),
	(62,73,1,'中山大学专硕',NULL,'2018-04-18 07:06:39',NULL),
	(63,74,1,'华南师范大学专硕',NULL,'2018-04-18 07:06:39',NULL),
	(64,75,1,'华东师范大学专硕',NULL,'2018-04-18 07:06:39',NULL),
	(65,76,1,'苏州大学专硕',NULL,'2018-04-18 07:06:39',NULL),
	(66,77,1,'南京师范大学专硕',NULL,'2018-04-18 07:06:39',NULL),
	(67,78,1,'南京师范大学专硕',NULL,'2018-04-18 07:06:39',NULL),
	(68,79,1,'中山大学专硕',NULL,'2018-04-18 07:06:39',NULL),
	(69,80,1,'湖南师范大学专硕',NULL,'2018-04-18 07:06:39',NULL),
	(70,81,1,'华东师范大学专硕',NULL,'2018-04-18 07:06:39',NULL),
	(71,82,1,'南京师范大学专硕',NULL,'2018-04-18 07:06:39',NULL),
	(72,83,1,'首都师范大学专硕',NULL,'2018-04-18 07:06:39',NULL),
	(73,84,1,'南京师范大学专硕',NULL,'2018-04-18 07:06:39',NULL),
	(74,85,1,'苏州大学专硕',NULL,'2018-04-18 07:06:39',NULL),
	(75,86,1,'华东师范大学专硕',NULL,'2018-04-18 07:06:39',NULL),
	(76,87,2,'312统考',NULL,'2018-04-18 07:06:39',NULL),
	(77,88,1,'华南师范大学专硕',NULL,'2018-04-18 07:06:39',NULL),
	(78,89,1,'上海师范大学专硕',NULL,'2018-04-18 07:06:39',NULL),
	(79,90,1,'西南大学学硕',NULL,'2018-04-18 07:06:39',NULL),
	(80,91,1,'华南师范大学专硕',NULL,'2018-04-18 07:06:39',NULL),
	(81,92,1,'南京师范大学专硕',NULL,'2018-04-18 07:06:39',NULL),
	(82,93,1,'西南大学专硕',NULL,'2018-04-18 07:06:39',NULL),
	(83,94,1,'苏州大学专硕',NULL,'2018-04-18 07:06:39',NULL),
	(84,95,1,'南京师范大学专硕',NULL,'2018-04-18 07:06:39',NULL),
	(85,96,1,'华南师范大学专硕',NULL,'2018-04-18 07:06:39',NULL),
	(86,97,2,'312统考',NULL,'2018-04-18 07:06:39',NULL),
	(87,98,1,'南开大学专硕',NULL,'2018-04-18 07:06:39',NULL),
	(88,99,1,'苏州大学学硕',NULL,'2018-04-18 07:06:39',NULL),
	(89,100,1,'西南大学学硕',NULL,'2018-04-18 07:06:39',NULL),
	(90,101,1,'华中师范大学学硕',NULL,'2018-04-18 07:06:39',NULL),
	(91,102,2,'312统考',NULL,'2018-04-18 07:06:39',NULL),
	(92,103,1,'复旦大学专硕',NULL,'2018-04-18 07:06:39',NULL),
	(93,104,2,'312统考',NULL,'2018-04-18 07:06:39',NULL),
	(94,105,1,'南京师范大学专硕',NULL,'2018-04-18 07:06:39',NULL),
	(95,106,1,'中山大学专硕',NULL,'2018-04-18 07:06:39',NULL),
	(96,107,1,'复旦大学专硕',NULL,'2018-04-18 07:06:39',NULL),
	(97,108,1,'西南大学专硕',NULL,'2018-04-18 07:06:39',NULL),
	(98,109,1,'南京师范大学专硕',NULL,'2018-04-18 07:06:39',NULL),
	(99,110,2,'312统考',NULL,'2018-04-18 07:06:39',NULL),
	(100,111,1,'华东师范大学专硕',NULL,'2018-04-18 07:06:39',NULL),
	(101,112,1,'华南师范大学专硕',NULL,'2018-04-18 07:06:39',NULL),
	(102,113,1,'苏州大学专硕',NULL,'2018-04-18 07:06:39',NULL),
	(103,114,2,'312统考',NULL,'2018-04-18 07:06:39',NULL),
	(104,115,1,'苏州大学专硕',NULL,'2018-04-18 07:06:39',NULL),
	(105,116,1,'南京师范大学专硕',NULL,'2018-04-18 07:06:39',NULL),
	(106,117,2,'312统考',NULL,'2018-04-18 07:06:39',NULL),
	(107,118,2,'312统考',NULL,'2018-04-18 07:06:39',NULL),
	(108,119,1,'华东师范大学专硕',NULL,'2018-04-18 07:06:39',NULL),
	(109,120,1,'南京师范大学专硕',NULL,'2018-04-18 07:06:39',NULL),
	(110,121,1,'首都师范大学专硕',NULL,'2018-04-18 07:06:39',NULL),
	(111,122,1,'华东师范大学专硕',NULL,'2018-04-18 07:06:39',NULL),
	(112,123,1,'华中师范大学学硕',NULL,'2018-04-18 07:06:39',NULL),
	(113,124,1,'中山大学专硕',NULL,'2018-04-18 07:06:39',NULL),
	(114,125,2,'312统考',NULL,'2018-04-18 07:06:39',NULL),
	(115,126,1,'南京师范大学专硕',NULL,'2018-04-18 07:06:39',NULL),
	(116,127,1,'上海师范大学专硕',NULL,'2018-04-18 07:06:39',NULL),
	(117,128,2,'312统考',NULL,'2018-04-18 07:06:39',NULL),
	(118,129,1,'南京师范大学专硕',NULL,'2018-04-18 07:06:39',NULL),
	(119,130,1,'南京师范大学专硕',NULL,'2018-04-18 07:06:39',NULL),
	(120,131,1,'复旦大学专硕',NULL,'2018-04-18 07:06:39',NULL),
	(121,132,1,'苏州大学专硕',NULL,'2018-04-18 07:06:39',NULL),
	(122,133,1,'华中师范大学专硕',NULL,'2018-04-18 07:06:39',NULL),
	(123,134,1,'南京师范大学专硕',NULL,'2018-04-18 07:06:39',NULL),
	(124,135,1,'南京师范大学专硕',NULL,'2018-04-18 07:06:39',NULL),
	(125,136,1,'华中师范大学专硕',NULL,'2018-04-18 07:06:39',NULL),
	(126,137,2,'312统考',NULL,'2018-04-18 07:06:39',NULL),
	(127,138,1,'华东师范大学专硕',NULL,'2018-04-18 07:06:39',NULL),
	(128,139,1,'华东师范大学专硕',NULL,'2018-04-18 07:06:39',NULL),
	(129,140,1,'苏州大学学硕',NULL,'2018-04-18 07:06:39',NULL),
	(130,141,1,'南开大学专硕',NULL,'2018-04-18 07:06:39',NULL),
	(131,142,1,'苏州大学专硕',NULL,'2018-04-18 07:06:39',NULL),
	(132,143,1,'南京师范大学专硕',NULL,'2018-04-18 07:06:39',NULL),
	(133,144,2,'312统考',NULL,'2018-04-18 07:06:39',NULL),
	(134,145,2,'312统考',NULL,'2018-04-18 07:06:39',NULL),
	(135,146,1,'华东师范大学专硕',NULL,'2018-04-18 07:06:39',NULL),
	(136,147,1,'苏州大学专硕',NULL,'2018-04-18 07:06:39',NULL),
	(137,148,1,'西南大学学硕',NULL,'2018-04-18 07:06:39',NULL),
	(138,149,2,'312统考',NULL,'2018-04-18 07:06:39',NULL),
	(139,150,1,'复旦大学专硕',NULL,'2018-04-18 07:06:39',NULL),
	(140,151,1,'华东师范大学专硕',NULL,'2018-04-18 07:06:39',NULL),
	(141,152,1,'华南师范大学专硕',NULL,'2018-04-18 07:06:39',NULL),
	(142,153,1,'南京师范大学专硕',NULL,'2018-04-18 07:06:39',NULL),
	(143,154,1,'南京师范大学专硕',NULL,'2018-04-18 07:06:39',NULL),
	(144,155,1,'华东师范大学专硕',NULL,'2018-04-18 07:06:39',NULL),
	(145,156,1,'首都师范大学专硕',NULL,'2018-04-18 07:06:39',NULL),
	(146,157,1,'华南师范大学专硕',NULL,'2018-04-18 07:06:39',NULL),
	(147,158,1,'华东师范大学专硕',NULL,'2018-04-18 07:06:39',NULL),
	(148,159,1,'西南大学学硕',NULL,'2018-04-18 07:06:39',NULL),
	(149,160,1,'湖南师范大学专硕',NULL,'2018-04-18 07:06:39',NULL),
	(150,161,2,'312统考',NULL,'2018-04-18 07:06:39',NULL),
	(151,162,1,'复旦大学专硕',NULL,'2018-04-18 07:06:39',NULL),
	(152,163,1,'复旦大学专硕',NULL,'2018-04-18 07:06:39',NULL),
	(153,164,1,'湖南师范大学专硕',NULL,'2018-04-18 07:06:39',NULL),
	(154,165,1,'南京师范大学专硕',NULL,'2018-04-18 07:06:39',NULL),
	(155,166,1,'华中师范大学专硕',NULL,'2018-04-18 07:06:39',NULL),
	(156,167,2,'312统考',NULL,'2018-04-18 07:06:39',NULL),
	(157,168,1,'湖南师范大学专硕',NULL,'2018-04-18 07:06:39',NULL),
	(158,169,1,'华南师范大学专硕',NULL,'2018-04-18 07:06:39',NULL),
	(159,170,2,'312统考',NULL,'2018-04-18 07:06:39',NULL),
	(160,171,1,'华南师范大学专硕',NULL,'2018-04-18 07:06:39',NULL),
	(161,172,1,'华南师范大学专硕',NULL,'2018-04-18 07:06:39',NULL),
	(162,173,1,'南京师范大学专硕',NULL,'2018-04-18 07:06:39',NULL),
	(163,174,1,'南京师范大学学硕',NULL,'2018-04-18 07:06:39',NULL),
	(164,175,1,'华东师范大学专硕',NULL,'2018-04-18 07:06:39',NULL),
	(165,176,1,'华南师范大学专硕',NULL,'2018-04-18 07:06:39',NULL),
	(166,177,1,'华南师范大学专硕',NULL,'2018-04-18 07:06:39',NULL),
	(167,178,1,'首都师范大学专硕',NULL,'2018-04-18 07:06:39',NULL),
	(168,179,1,'苏州大学专硕',NULL,'2018-04-18 07:06:39',NULL),
	(169,180,1,'复旦大学专硕',NULL,'2018-04-18 07:06:39',NULL),
	(170,181,1,'上海师范大学专硕',NULL,'2018-04-18 07:06:39',NULL),
	(171,182,1,'华南师范大学专硕',NULL,'2018-04-18 07:06:39',NULL),
	(172,183,1,'首都师范大学专硕',NULL,'2018-04-18 07:06:39',NULL),
	(173,184,1,'苏州大学专硕',NULL,'2018-04-18 07:06:39',NULL),
	(174,185,1,'南京师范大学专硕',NULL,'2018-04-18 07:06:39',NULL),
	(175,186,1,'华中师范大学专硕',NULL,'2018-04-18 07:06:39',NULL),
	(176,187,1,'苏州大学专硕',NULL,'2018-04-18 07:06:39',NULL),
	(177,188,1,'华南师范大学专硕',NULL,'2018-04-18 07:06:39',NULL),
	(178,189,1,'复旦大学专硕',NULL,'2018-04-18 07:06:39',NULL),
	(179,190,1,'华南师范大学专硕',NULL,'2018-04-18 07:06:39',NULL),
	(180,191,2,'312统考',NULL,'2018-04-18 07:06:39',NULL),
	(181,192,1,'首都师范大学专硕',NULL,'2018-04-18 07:06:39',NULL),
	(182,193,1,'华南师范大学专硕',NULL,'2018-04-18 07:06:39',NULL),
	(183,194,1,'西南大学学硕',NULL,'2018-04-18 07:06:39',NULL),
	(184,195,1,'华南师范大学专硕',NULL,'2018-04-18 07:06:39',NULL),
	(185,196,1,'南京师范大学学硕',NULL,'2018-04-18 07:06:39',NULL),
	(186,197,1,'中山大学学硕',NULL,'2018-04-18 07:06:39',NULL),
	(187,198,1,'南京师范大学专硕',NULL,'2018-04-18 07:06:39',NULL),
	(188,199,1,'湖南师范大学专硕',NULL,'2018-04-18 07:06:39',NULL),
	(189,200,1,'华南师范大学专硕',NULL,'2018-04-18 07:06:39',NULL),
	(190,201,1,'中山大学专硕',NULL,'2018-04-18 07:06:39',NULL),
	(191,202,1,'西南大学学硕',NULL,'2018-04-18 07:06:39',NULL),
	(192,203,1,'复旦大学专硕',NULL,'2018-04-18 07:06:39',NULL),
	(193,204,1,'南京师范大学专硕',NULL,'2018-04-18 07:06:39',NULL),
	(194,205,2,'312统考',NULL,'2018-04-18 07:06:39',NULL),
	(195,206,2,'312统考',NULL,'2018-04-18 07:06:39',NULL),
	(196,207,1,'中山大学专硕',NULL,'2018-04-18 07:06:39',NULL),
	(197,208,1,'华中师范大学专硕',NULL,'2018-04-18 07:06:39',NULL),
	(198,209,1,'华南师范大学专硕',NULL,'2018-04-18 07:06:39',NULL),
	(199,210,1,'苏州大学专硕',NULL,'2018-04-18 07:06:39',NULL),
	(200,211,1,'华东师范大学专硕',NULL,'2018-04-18 07:06:39',NULL),
	(201,212,1,'南京师范大学专硕',NULL,'2018-04-18 07:06:39',NULL),
	(202,213,1,'首都师范大学专硕',NULL,'2018-04-18 07:06:39',NULL),
	(203,214,1,'南京师范大学学硕',NULL,'2018-04-18 07:06:39',NULL),
	(204,215,1,'苏州大学专硕',NULL,'2018-04-18 07:06:39',NULL),
	(205,216,1,'西南大学专硕',NULL,'2018-04-18 07:06:39',NULL),
	(206,217,2,'312统考',NULL,'2018-04-18 07:06:39',NULL),
	(207,218,1,'华东师范大学专硕',NULL,'2018-04-18 07:06:39',NULL),
	(208,219,1,'上海师范大学专硕',NULL,'2018-04-18 07:06:39',NULL),
	(209,220,1,'复旦大学专硕',NULL,'2018-04-18 07:06:39',NULL),
	(210,221,1,'华东师范大学专硕',NULL,'2018-04-18 07:06:39',NULL),
	(211,222,1,'西南大学学硕',NULL,'2018-04-18 07:06:39',NULL),
	(212,223,1,'湖南师范大学专硕',NULL,'2018-04-18 07:06:39',NULL),
	(213,224,1,'苏州大学专硕',NULL,'2018-04-18 07:06:39',NULL),
	(214,225,2,'312统考',NULL,'2018-04-18 07:06:39',NULL),
	(215,226,1,'华南师范大学专硕',NULL,'2018-04-18 07:06:39',NULL),
	(216,227,1,'湖南师范大学专硕',NULL,'2018-04-18 07:06:39',NULL),
	(217,228,1,'南京师范大学专硕',NULL,'2018-04-18 07:06:39',NULL),
	(218,229,1,'华南师范大学专硕',NULL,'2018-04-18 07:06:39',NULL),
	(219,230,1,'苏州大学专硕',NULL,'2018-04-18 07:06:39',NULL),
	(220,231,1,'华南师范大学专硕',NULL,'2018-04-18 07:06:39',NULL),
	(221,232,1,'南京师范大学专硕',NULL,'2018-04-18 07:06:39',NULL),
	(222,233,1,'中山大学学硕',NULL,'2018-04-18 07:06:39',NULL),
	(223,234,1,'华南师范大学专硕',NULL,'2018-04-18 07:06:39',NULL),
	(224,235,1,'西南大学专硕',NULL,'2018-04-18 07:06:39',NULL),
	(225,236,1,'南京师范大学学硕',NULL,'2018-04-18 07:06:39',NULL),
	(226,237,1,'苏州大学专硕',NULL,'2018-04-18 07:06:39',NULL),
	(227,238,1,'上海师范大学专硕',NULL,'2018-04-18 07:06:39',NULL),
	(228,239,1,'华中师范大学学硕',NULL,'2018-04-18 07:06:39',NULL),
	(229,240,1,'南京师范大学专硕',NULL,'2018-04-18 07:06:39',NULL),
	(230,241,1,'华南师范大学专硕',NULL,'2018-04-18 07:06:39',NULL),
	(231,242,1,'首都师范大学专硕',NULL,'2018-04-18 07:06:39',NULL),
	(232,243,1,'湖南师范大学学硕',NULL,'2018-04-18 07:06:39',NULL),
	(233,244,1,'苏州大学专硕',NULL,'2018-04-18 07:06:39',NULL),
	(234,245,1,'湖南师范大学学硕',NULL,'2018-04-18 07:06:39',NULL),
	(235,246,2,'312统考',NULL,'2018-04-18 07:06:39',NULL),
	(236,247,1,'上海师范大学专硕',NULL,'2018-04-18 07:06:39',NULL),
	(237,248,1,'华南师范大学专硕',NULL,'2018-04-18 07:06:39',NULL),
	(238,249,1,'华东师范大学专硕',NULL,'2018-04-18 07:06:39',NULL),
	(239,250,1,'上海师范大学专硕',NULL,'2018-04-18 07:06:39',NULL),
	(240,251,1,'苏州大学专硕',NULL,'2018-04-18 07:06:39',NULL),
	(241,252,1,'苏州大学专硕',NULL,'2018-04-18 07:06:39',NULL),
	(242,253,1,'南开大学专硕',NULL,'2018-04-18 07:06:39',NULL),
	(243,254,1,'华中师范大学专硕',NULL,'2018-04-18 07:06:39',NULL),
	(244,255,1,'南京师范大学专硕',NULL,'2018-04-18 07:06:39',NULL),
	(245,256,2,'312统考',NULL,'2018-04-18 07:06:39',NULL),
	(246,257,1,'南京师范大学专硕',NULL,'2018-04-18 07:06:39',NULL),
	(247,258,1,'华南师范大学专硕',NULL,'2018-04-18 07:06:39',NULL),
	(248,259,1,'西南大学专硕',NULL,'2018-04-18 07:06:39',NULL),
	(249,260,1,'南京师范大学专硕',NULL,'2018-04-18 07:06:39',NULL),
	(250,261,1,'西南大学专硕',NULL,'2018-04-18 07:06:39',NULL),
	(251,262,1,'华东师范大学专硕',NULL,'2018-04-18 07:06:39',NULL),
	(252,263,1,'西南大学专硕',NULL,'2018-04-18 07:06:39',NULL),
	(253,264,1,'南京师范大学专硕',NULL,'2018-04-18 07:06:39',NULL),
	(254,265,1,'湖南师范大学专硕',NULL,'2018-04-18 07:06:39',NULL),
	(255,266,1,'苏州大学专硕',NULL,'2018-04-18 07:06:39',NULL),
	(256,267,1,'湖南师范大学专硕',NULL,'2018-04-18 07:06:39',NULL),
	(257,268,1,'湖南师范大学专硕',NULL,'2018-04-18 07:06:39',NULL),
	(258,269,2,'312统考',NULL,'2018-04-18 07:06:39',NULL),
	(259,270,1,'南京师范大学专硕',NULL,'2018-04-18 07:06:39',NULL),
	(260,271,1,'华东师范大学专硕',NULL,'2018-04-18 07:06:39',NULL),
	(261,272,1,'华东师范大学专硕',NULL,'2018-04-18 07:06:39',NULL),
	(262,273,2,'312统考',NULL,'2018-04-18 07:06:39',NULL),
	(263,274,1,'南开大学专硕',NULL,'2018-04-18 07:06:39',NULL),
	(264,275,1,'苏州大学专硕',NULL,'2018-04-18 07:06:39',NULL),
	(265,276,1,'华东师范大学专硕',NULL,'2018-04-18 07:06:39',NULL),
	(266,277,2,'312统考',NULL,'2018-04-18 07:06:39',NULL),
	(267,278,2,'312统考',NULL,'2018-04-18 07:06:39',NULL),
	(268,279,1,'华南师范大学专硕',NULL,'2018-04-18 07:06:39',NULL),
	(269,280,1,'华南师范大学专硕',NULL,'2018-04-18 07:06:39',NULL),
	(270,281,1,'华东师范大学专硕',NULL,'2018-04-18 07:06:39',NULL),
	(271,282,1,'上海师范大学专硕',NULL,'2018-04-18 07:06:39',NULL),
	(272,283,1,'南京师范大学专硕',NULL,'2018-04-18 07:06:39',NULL),
	(273,284,1,'湖南师范大学专硕',NULL,'2018-04-18 07:06:39',NULL),
	(274,285,1,'西南大学专硕',NULL,'2018-04-18 07:06:39',NULL),
	(275,286,1,'华南师范大学专硕',NULL,'2018-04-18 07:06:39',NULL),
	(276,287,1,'华南师范大学专硕',NULL,'2018-04-18 07:06:39',NULL),
	(277,288,1,'华南师范大学专硕',NULL,'2018-04-18 07:06:39',NULL),
	(278,289,1,'华东师范大学专硕',NULL,'2018-04-18 07:06:39',NULL),
	(279,290,1,'中央财经大学专硕',NULL,'2018-04-18 07:06:39',NULL),
	(280,291,2,'312统考',NULL,'2018-04-18 07:06:39',NULL),
	(281,292,1,'南开大学专硕',NULL,'2018-04-18 07:06:39',NULL),
	(282,293,1,'苏州大学学硕',NULL,'2018-04-18 07:06:39',NULL),
	(283,294,1,'苏州大学专硕',NULL,'2018-04-18 07:06:39',NULL),
	(284,295,1,'中山大学专硕',NULL,'2018-04-18 07:06:39',NULL),
	(285,296,1,'湖南师范大学学硕',NULL,'2018-04-18 07:06:39',NULL),
	(286,297,1,'南京师范大学学硕',NULL,'2018-04-18 07:06:39',NULL),
	(287,298,1,'南京师范大学专硕',NULL,'2018-04-18 07:06:39',NULL),
	(288,299,1,'湖南师范大学专硕',NULL,'2018-04-18 07:06:39',NULL),
	(289,300,1,'西南大学专硕',NULL,'2018-04-18 07:06:39',NULL),
	(290,301,1,'华东师范大学专硕',NULL,'2018-04-18 07:06:39',NULL),
	(291,302,1,'中央财经大学专硕',NULL,'2018-04-18 07:06:39',NULL),
	(292,303,1,'华东师范大学专硕',NULL,'2018-04-18 07:06:39',NULL),
	(293,304,2,'312统考',NULL,'2018-04-18 07:06:39',NULL),
	(294,305,1,'华南师范大学专硕',NULL,'2018-04-18 07:06:39',NULL),
	(295,306,2,'312统考',NULL,'2018-04-18 07:06:39',NULL),
	(296,307,2,'312统考',NULL,'2018-04-18 07:06:39',NULL),
	(297,308,1,'南京师范大学专硕',NULL,'2018-04-18 07:06:39',NULL),
	(298,309,1,'华中师范大学专硕',NULL,'2018-04-18 07:06:39',NULL),
	(299,310,2,'312统考',NULL,'2018-04-18 07:06:39',NULL),
	(300,311,1,'华东师范大学专硕',NULL,'2018-04-18 07:06:39',NULL),
	(301,312,1,'上海师范大学专硕',NULL,'2018-04-18 07:06:39',NULL),
	(302,313,2,'312统考',NULL,'2018-04-18 07:06:39',NULL),
	(303,314,1,'复旦大学专硕',NULL,'2018-04-18 07:06:39',NULL),
	(304,315,1,'苏州大学学硕',NULL,'2018-04-18 07:06:39',NULL),
	(305,316,2,'312统考',NULL,'2018-04-18 07:06:39',NULL),
	(306,317,1,'首都师范大学专硕',NULL,'2018-04-18 07:06:39',NULL),
	(307,318,1,'华东师范大学专硕',NULL,'2018-04-18 07:06:39',NULL),
	(308,319,1,'华东师范大学专硕',NULL,'2018-04-18 07:06:39',NULL),
	(309,320,1,'南京师范大学专硕',NULL,'2018-04-18 07:06:39',NULL),
	(310,321,1,'西南大学专硕',NULL,'2018-04-18 07:06:39',NULL),
	(311,322,1,'南京师范大学专硕',NULL,'2018-04-18 07:06:39',NULL),
	(312,323,1,'华南师范大学专硕',NULL,'2018-04-18 07:06:39',NULL),
	(313,324,2,'312统考',NULL,'2018-04-18 07:06:39',NULL),
	(314,325,1,'苏州大学学硕',NULL,'2018-04-18 07:06:39',NULL),
	(315,326,1,'南开大学专硕',NULL,'2018-04-18 07:06:39',NULL),
	(316,327,2,'312统考',NULL,'2018-04-18 07:06:39',NULL),
	(317,328,1,'南京师范大学专硕',NULL,'2018-04-18 07:06:39',NULL),
	(318,329,1,'华南师范大学专硕',NULL,'2018-04-18 07:06:39',NULL),
	(319,330,2,'312统考',NULL,'2018-04-18 07:06:39',NULL),
	(320,332,1,'南京师范大学专硕',NULL,'2018-04-18 07:06:39',NULL),
	(321,333,1,'湖南师范大学学硕',NULL,'2018-04-18 07:06:39',NULL),
	(322,334,1,'西南大学专硕',NULL,'2018-04-18 07:06:39',NULL),
	(323,335,1,'南京师范大学专硕',NULL,'2018-04-18 07:06:39',NULL),
	(324,336,1,'华东师范大学专硕',NULL,'2018-04-18 07:06:39',NULL),
	(325,337,1,'湖南师范大学专硕',NULL,'2018-04-18 07:06:39',NULL),
	(326,338,1,'苏州大学专硕',NULL,'2018-04-18 07:06:39',NULL),
	(327,339,2,'312统考',NULL,'2018-04-18 07:06:39',NULL),
	(328,340,1,'华南师范大学专硕',NULL,'2018-04-18 07:06:39',NULL),
	(329,341,1,'华南师范大学专硕',NULL,'2018-04-18 07:06:39',NULL),
	(330,342,1,'华东师范大学专硕',NULL,'2018-04-18 07:06:39',NULL),
	(331,343,2,'312统考',NULL,'2018-04-18 07:06:39',NULL),
	(332,344,1,'华南师范大学专硕',NULL,'2018-04-18 07:06:39',NULL),
	(333,345,1,'华东师范大学专硕',NULL,'2018-04-18 07:06:39',NULL),
	(334,346,1,'复旦大学专硕',NULL,'2018-04-18 07:06:39',NULL),
	(335,347,1,'南京师范大学专硕',NULL,'2018-04-18 07:06:39',NULL),
	(336,348,1,'华南师范大学专硕',NULL,'2018-04-18 07:06:39',NULL),
	(337,349,1,'南京师范大学专硕',NULL,'2018-04-18 07:06:39',NULL),
	(338,350,2,'312统考',NULL,'2018-04-18 07:06:39',NULL),
	(339,351,1,'苏州大学学硕',NULL,'2018-04-18 07:06:39',NULL),
	(340,352,1,'南京师范大学专硕',NULL,'2018-04-18 07:06:39',NULL),
	(341,353,1,'西南大学专硕',NULL,'2018-04-18 07:06:39',NULL),
	(342,354,2,'312统考',NULL,'2018-04-18 07:06:39',NULL),
	(343,355,1,'西南大学学硕',NULL,'2018-04-18 07:06:39',NULL),
	(344,356,1,'南京师范大学专硕',NULL,'2018-04-18 07:06:39',NULL),
	(345,357,1,'苏州大学专硕',NULL,'2018-04-18 07:06:39',NULL),
	(346,358,2,'312统考',NULL,'2018-04-18 07:06:39',NULL),
	(347,359,1,'华南师范大学专硕',NULL,'2018-04-18 07:06:39',NULL),
	(348,360,1,'苏州大学专硕',NULL,'2018-04-18 07:06:39',NULL),
	(349,361,1,'华南师范大学专硕',NULL,'2018-04-18 07:06:39',NULL),
	(350,362,1,'苏州大学专硕',NULL,'2018-04-18 07:06:39',NULL),
	(351,363,2,'312统考',NULL,'2018-04-18 07:06:39',NULL),
	(352,364,1,'湖南师范大学专硕',NULL,'2018-04-18 07:06:39',NULL),
	(353,365,1,'华中师范大学学硕',NULL,'2018-04-18 07:06:39',NULL),
	(354,366,1,'南开大学专硕',NULL,'2018-04-18 07:06:39',NULL),
	(355,367,1,'中山大学专硕',NULL,'2018-04-18 07:06:39',NULL),
	(356,368,2,'312统考',NULL,'2018-04-18 07:06:39',NULL),
	(357,369,2,'312统考',NULL,'2018-04-18 07:06:39',NULL),
	(358,370,1,'华南师范大学专硕',NULL,'2018-04-18 07:06:39',NULL),
	(359,371,1,'复旦大学专硕',NULL,'2018-04-18 07:06:39',NULL),
	(360,372,1,'西南大学学硕',NULL,'2018-04-18 07:06:39',NULL),
	(361,373,1,'上海师范大学专硕',NULL,'2018-04-18 07:06:39',NULL),
	(362,374,2,'312统考',NULL,'2018-04-18 07:06:39',NULL),
	(363,375,1,'南京师范大学学硕',NULL,'2018-04-18 07:06:39',NULL),
	(364,376,2,'312统考',NULL,'2018-04-18 07:06:39',NULL),
	(365,377,1,'苏州大学学硕',NULL,'2018-04-18 07:06:39',NULL),
	(366,378,1,'西南大学专硕',NULL,'2018-04-18 07:06:39',NULL),
	(367,379,1,'苏州大学学硕',NULL,'2018-04-18 07:06:39',NULL),
	(368,380,1,'苏州大学专硕',NULL,'2018-04-18 07:06:39',NULL),
	(369,381,2,'312统考',NULL,'2018-04-18 07:06:39',NULL),
	(370,382,1,'河南大学专硕',NULL,'2018-04-18 07:06:39',NULL),
	(371,383,1,'南京师范大学专硕',NULL,'2018-04-18 07:06:39',NULL),
	(372,384,1,'苏州大学专硕',NULL,'2018-04-18 07:06:39',NULL),
	(373,385,1,'西南大学学硕',NULL,'2018-04-18 07:06:39',NULL),
	(374,386,1,'苏州大学专硕',NULL,'2018-04-18 07:06:39',NULL),
	(375,387,1,'西南大学专硕',NULL,'2018-04-18 07:06:39',NULL),
	(376,388,1,'复旦大学专硕',NULL,'2018-04-18 07:06:39',NULL),
	(377,389,1,'南开大学专硕',NULL,'2018-04-18 07:06:39',NULL),
	(378,390,1,'南京师范大学专硕',NULL,'2018-04-18 07:06:39',NULL),
	(379,391,2,'312统考',NULL,'2018-04-18 07:06:39',NULL),
	(380,392,1,'苏州大学学硕',NULL,'2018-04-18 07:06:39',NULL),
	(381,393,1,'华南师范大学专硕',NULL,'2018-04-18 07:06:39',NULL),
	(382,394,2,'312统考',NULL,'2018-04-18 07:06:39',NULL),
	(383,395,1,'华南师范大学专硕',NULL,'2018-04-18 07:06:39',NULL),
	(384,396,1,'华东师范大学专硕',NULL,'2018-04-18 07:06:39',NULL),
	(385,397,1,'华东师范大学专硕',NULL,'2018-04-18 07:06:39',NULL),
	(386,398,2,'312统考',NULL,'2018-04-18 07:06:39',NULL),
	(387,399,2,'312统考',NULL,'2018-04-18 07:06:39',NULL),
	(388,400,1,'南开大学专硕',NULL,'2018-04-18 07:06:39',NULL),
	(389,401,1,'南开大学专硕',NULL,'2018-04-18 07:06:39',NULL),
	(390,402,1,'华南师范大学专硕',NULL,'2018-04-18 07:06:39',NULL),
	(391,403,1,'西南大学学硕',NULL,'2018-04-18 07:06:39',NULL),
	(392,404,1,'华中师范大学专硕',NULL,'2018-04-18 07:06:39',NULL),
	(393,405,2,'312统考',NULL,'2018-04-18 07:06:39',NULL),
	(394,406,1,'西南大学学硕',NULL,'2018-04-18 07:06:39',NULL),
	(395,407,2,'312统考',NULL,'2018-04-18 07:06:39',NULL),
	(396,408,1,'西南大学专硕',NULL,'2018-04-18 07:06:39',NULL),
	(397,409,1,'华南师范大学专硕',NULL,'2018-04-18 07:06:39',NULL),
	(398,410,1,'华南师范大学专硕',NULL,'2018-04-18 07:06:39',NULL),
	(399,411,1,'华南师范大学专硕',NULL,'2018-04-18 07:06:39',NULL),
	(400,791,1,'中山大学专硕',NULL,'2018-04-20 01:41:12',NULL),
	(401,792,1,NULL,NULL,'2018-04-20 05:45:00',NULL);

/*!40000 ALTER TABLE `oi_order` ENABLE KEYS */;
UNLOCK TABLES;


# Dump of table ui_skype_record
# ------------------------------------------------------------

DROP TABLE IF EXISTS `ui_skype_record`;

CREATE TABLE `ui_skype_record` (
  `id` int(11) NOT NULL AUTO_INCREMENT,
  `student_id_fk` int(11) DEFAULT NULL,
  `order_id_fk` int(11) DEFAULT NULL,
  `count` int(3) DEFAULT NULL,
  `tag` varchar(11) DEFAULT NULL,
  `content` text,
  `create_time` datetime DEFAULT NULL,
  `update_time` datetime DEFAULT NULL,
  PRIMARY KEY (`id`),
  KEY `student_id_fk` (`student_id_fk`),
  KEY `order_id_fk` (`order_id_fk`),
  CONSTRAINT `ui_skype_record_ibfk_1` FOREIGN KEY (`student_id_fk`) REFERENCES `ui_student` (`id`) ON DELETE CASCADE ON UPDATE CASCADE,
  CONSTRAINT `ui_skype_record_ibfk_2` FOREIGN KEY (`order_id_fk`) REFERENCES `oi_order` (`id`) ON DELETE CASCADE ON UPDATE CASCADE
) ENGINE=InnoDB DEFAULT CHARSET=utf8;



# Dump of table ui_student
# ------------------------------------------------------------

DROP TABLE IF EXISTS `ui_student`;

CREATE TABLE `ui_student` (
  `id` int(11) NOT NULL AUTO_INCREMENT,
  `name` varchar(11) DEFAULT NULL,
  `if_old_major` int(2) DEFAULT NULL,
  `sex` int(2) DEFAULT NULL,
  `mobile` varchar(11) DEFAULT NULL,
  `qq` varchar(11) DEFAULT NULL,
  `adviser` varchar(20) DEFAULT NULL,
  `due_year` int(11) DEFAULT NULL,
  `old_school` varchar(20) DEFAULT NULL,
  `old_major` varchar(20) DEFAULT NULL,
  `study_status` int(4) DEFAULT NULL,
  `status` int(4) DEFAULT NULL,
  `apply_time` varchar(20) DEFAULT NULL,
  `source` varchar(20) DEFAULT NULL,
  `background` varchar(11) DEFAULT NULL,
  `qq_group` int(4) DEFAULT NULL,
  `author` varchar(20) DEFAULT NULL,
  `remark` text,
  `extend` text,
  `create_time` datetime DEFAULT NULL,
  `update_time` datetime DEFAULT NULL,
  PRIMARY KEY (`id`),
  UNIQUE KEY `qq` (`qq`)
) ENGINE=InnoDB DEFAULT CHARSET=utf8;

LOCK TABLES `ui_student` WRITE;
/*!40000 ALTER TABLE `ui_student` DISABLE KEYS */;

INSERT INTO `ui_student` (`id`, `name`, `if_old_major`, `sex`, `mobile`, `qq`, `adviser`, `due_year`, `old_school`, `old_major`, `study_status`, `status`, `apply_time`, `source`, `background`, `qq_group`, `author`, `remark`, `extend`, `create_time`, `update_time`)
VALUES
	(45,'王璐歌',NULL,NULL,'15311673439','210220692','徐哲泉',19,'山西商务学院','管理',NULL,NULL,'2016-05-23',NULL,'届',NULL,NULL,'undefined\n加群情况：undefined\n在职在读：19届',NULL,'2018-04-18 07:06:38',NULL),
	(46,'华晓洁',NULL,NULL,'17751006592','247329603','陈小雪',19,'南京大学','自考本科人力资源',NULL,NULL,'2016-08-18',NULL,'届',NULL,NULL,'18延期休学\n加群情况：undefined\n在职在读：19届',NULL,'2018-04-18 07:06:38',NULL),
	(47,'刘越',NULL,NULL,'18856238697','936541521','钱炜楠',19,'铜陵学院','自动化 ',NULL,NULL,'2016-10-15',NULL,'在读',NULL,NULL,'16年10月报班VIPA班型，语音沟通次数为26课时；复试服\n务内容按照SVIP的服务内容  但是没有“综合素质特训”\n加群情况：undefined\n在职在读：19在读',NULL,'2018-04-18 07:06:38',NULL),
	(48,'卢欣如',NULL,NULL,'18851376945','982157403','钱炜楠',19,'盐城工学院','艺术设计',NULL,NULL,'2016-10-25',NULL,'届',NULL,NULL,'原18学员延迟休学\n加群情况：undefined\n在职在读：19届',NULL,'2018-04-18 07:06:38',NULL),
	(49,'卫娜',NULL,NULL,'18732522096','36709840','徐哲泉',19,'计算机','唐山师范学院',NULL,NULL,'2016-12-08',NULL,'届',NULL,NULL,'18学员延迟休学。已沟通两次，还剩下四课时\n加群情况：undefined\n在职在读：19届',NULL,'2018-04-18 07:06:38',NULL),
	(50,'黄园雅',NULL,NULL,'13771838452','2316276294','钱炜楠',19,'苏州大学','服装艺术设计',NULL,NULL,'2017-01-13',NULL,'届',NULL,NULL,'18延期休学，不申请加新班型总群\n加群情况：undefined\n在职在读：19届',NULL,'2018-04-18 07:06:38',NULL),
	(51,'丁莉',NULL,NULL,'13167035535','1059158801','徐哲泉',19,'爱尔兰大学','会计',NULL,NULL,'2017-02-03',NULL,'届',NULL,NULL,'18学员延迟休学。已沟通十一次，还剩下十五课时\n加群情况：undefined\n在职在读：19届',NULL,'2018-04-18 07:06:38',NULL),
	(52,'全灏',NULL,NULL,'15546156757','1054396618','钱炜楠',19,'黑龙江东方学院','工程造价  ',NULL,NULL,'2017-01-24',NULL,'在读',NULL,NULL,'17年1月报班SVIP班型，语音沟通次数为36课时，重修资格\n为VIPC班型，但是重修服务内容按照VIPB的服务内容\n加群情况：undefined\n在职在读：19在读',NULL,'2018-04-18 07:06:38',NULL),
	(53,'罗娴静',NULL,NULL,'13865330840','175815419','刘昕钰',19,'师范院校','音乐专业',NULL,NULL,'2017-01-21',NULL,'在读',NULL,NULL,'18延期休学\n加群情况：undefined\n在职在读：19在读',NULL,'2018-04-18 07:06:38',NULL),
	(54,'赵心怡',NULL,NULL,'13812819932','251606710','钱炜楠',19,'山东大学 ','会计学与金融学',NULL,NULL,'2017-01-16',NULL,'届',NULL,NULL,'undefined\n加群情况：undefined\n在职在读：19届',NULL,'2018-04-18 07:06:38',NULL),
	(55,'严皓',NULL,NULL,'15850476830','1604448167','武雪纯',19,'南京中医药大学',' 护理专业',NULL,NULL,'2017-02-05',NULL,'在读',NULL,NULL,'17年2月报班VIPA班型，语音沟通次数为26课时；复试服务内容按照SVIP的服务内容  但是没有“综合素质特训”\n加群情况：undefined\n在职在读：19在读',NULL,'2018-04-18 07:06:38',NULL),
	(56,'田柳青',NULL,NULL,'13770653320','915989079','钱炜楠',19,'南京理工大学紫金学院','会计学',NULL,NULL,'2017-02-08',NULL,'在读',NULL,NULL,'undefined\n加群情况：undefined\n在职在读：19在读',NULL,'2018-04-18 07:06:38',NULL),
	(57,'黄磊磊',NULL,NULL,'13922276407','1620126615','徐哲泉',19,'广东外贸大学','英语教育',NULL,NULL,'2017-02-17',NULL,'应届',NULL,NULL,'171129已退班\n加群情况：undefined\n在职在读：19应届',NULL,'2018-04-18 07:06:38',NULL),
	(58,'王青',NULL,NULL,'15852080929','153871800','徐哲泉',19,'江苏师范大学','应用心理',NULL,NULL,'2017-02-25',NULL,'二战',NULL,NULL,'18延期休学\n加群情况：undefined\n在职在读：19二战',NULL,'2018-04-18 07:06:38',NULL),
	(59,'陈玉冰',NULL,NULL,'18316556070','734934189','刘昕钰',19,'华南农业大学','环境保护与管理',NULL,NULL,'2017-02-27',NULL,'届',NULL,NULL,'undefined\n加群情况：undefined\n在职在读：19届',NULL,'2018-04-18 07:06:38',NULL),
	(60,'陈慧芳',NULL,NULL,'17862317052','819089590','王贤',19,'济宁医学院','生物医学工程',NULL,NULL,'2017-02-28',NULL,'在读',NULL,NULL,'17年2月报班VIPC班型，语音沟通次数为新班型8课时\n加群情况：undefined\n在职在读：19在读',NULL,'2018-04-18 07:06:38',NULL),
	(61,'胡文慧',NULL,NULL,'13544457004','2386128195','徐哲泉',19,'成都文理学院','应用心理学',NULL,NULL,'2017-02-28',NULL,'应届',NULL,NULL,'undefined\n加群情况：undefined\n在职在读：19应届',NULL,'2018-04-18 07:06:38',NULL),
	(62,'孟凌榕',NULL,NULL,'18438609822','2273292736','徐哲泉',19,'河南科技大学','日语',NULL,NULL,'2017-03-06',NULL,'应届',NULL,NULL,'17年3月报班VIPC班型，语音沟通次数为新班型8课时\n加群情况：undefined\n在职在读：19应届',NULL,'2018-04-18 07:06:38',NULL),
	(63,'丁劭凡',NULL,NULL,'18283816717','651687246','钱炜楠',19,'四川建筑职业技术学院 ','建筑工程技术',NULL,NULL,'2017-03-06',NULL,'在读',NULL,NULL,'17年3月报班VIPC班型，语音沟通次数为新班型8课时\n加群情况：undefined\n在职在读：19在读',NULL,'2018-04-18 07:06:38',NULL),
	(64,'余昆',NULL,NULL,'13772125970','875353240','张煜',19,'西北政法大学','人力资源管理',NULL,NULL,'2017-03-09',NULL,'届',NULL,NULL,'18学员延期休学。已沟通一次，还剩下五课时\n加群情况：undefined\n在职在读：19届',NULL,'2018-04-18 07:06:38',NULL),
	(65,'王俊',NULL,NULL,'15283363869','704190587','钱炜楠',19,'桂林理工大学博文管理学院','工商管理',NULL,NULL,'2017-03-19',NULL,'在读',NULL,NULL,'17年3月报班VIPC班型，语音沟通次数为新班型8课时\n加群情况：undefined\n在职在读：19在读',NULL,'2018-04-18 07:06:38',NULL),
	(66,'陆琬茜',NULL,NULL,'18883276625','527540043','凌青竹',19,'重庆文理学院','音乐学',NULL,NULL,'2017-03-20',NULL,'届',NULL,NULL,'undefined\n加群情况：undefined\n在职在读：19届',NULL,'2018-04-18 07:06:38',NULL),
	(67,'童曦慧',NULL,NULL,'17756633247','1185397311','张煜',19,'池州学院','应用心理',NULL,NULL,'2017-03-21',NULL,'届',NULL,NULL,'undefined\n加群情况：undefined\n在职在读：19届',NULL,'2018-04-18 07:06:38',NULL),
	(68,'杨一楠',NULL,NULL,'17765135196','670847923','黄婕',19,'上海师范大学天华学院','旅游管理专业',NULL,NULL,'2017-03-27',NULL,'在读',NULL,NULL,'undefined\n加群情况：undefined\n在职在读：19在读',NULL,'2018-04-18 07:06:38',NULL),
	(69,'孙潇',NULL,NULL,'15737596620','1005859985','徐哲泉',19,'河南城建学院','建筑环境与能源应用工程',NULL,NULL,'2017-03-27',NULL,'在读',NULL,NULL,'17年3月报班VIPA班型，语音沟通次数为26课时；复试服务\n内容按照SVIP的服务内容  但是没有“综合素质特训”\n加群情况：undefined\n在职在读：19在读',NULL,'2018-04-18 07:06:38',NULL),
	(70,'钱微曦',NULL,NULL,'18789650509','1192606919','武雪纯',19,'三亚学院','产品设计',NULL,NULL,'2017-03-31',NULL,'在读',NULL,NULL,'undefined\n加群情况：undefined\n在职在读：19在读',NULL,'2018-04-18 07:06:38',NULL),
	(71,'袁小岱',NULL,NULL,'15611897814','475275037','陈小雪',19,'北京警察学院','侦查系',NULL,NULL,'2017-04-03',NULL,'在读',NULL,NULL,'undefined\n加群情况：undefined\n在职在读：19在读',NULL,'2018-04-18 07:06:38',NULL),
	(72,'张海花',NULL,NULL,'13762183660','1410383505','徐哲泉',19,'人文科技学院','应用心理学',NULL,NULL,'2017-04-09',NULL,'届',NULL,NULL,'undefined\n加群情况：undefined\n在职在读：19届',NULL,'2018-04-18 07:06:38',NULL),
	(73,'游安琪',NULL,NULL,'15070070040','657599925','钱炜楠',19,'江西应用科技学院','物流管理',NULL,NULL,'2017-04-11',NULL,'在读',NULL,NULL,'17年4月报班SVIP班型，语音沟通次数为36课时；重修资格\n为VIPC班型，但是重修服务内容按照VIPB的服务内容\n加群情况：undefined\n在职在读：19在读',NULL,'2018-04-18 07:06:38',NULL),
	(74,'张哲',NULL,NULL,'15689006210','572097198','霍鹏歌',19,'山东科技大学','自动化',NULL,NULL,'2017-04-12',NULL,'在职',NULL,NULL,'17年4月报班VIPC班型，语音沟通次数为新班型8课时\n加群情况：undefined\n在职在读：19在职',NULL,'2018-04-18 07:06:38',NULL),
	(75,'王俊文',NULL,NULL,'13104359569','2387173246','武雪纯',19,'安徽建筑大学','给排水',NULL,NULL,'2017-04-13',NULL,'在读',NULL,NULL,'undefined\n加群情况：undefined\n在职在读：19在读',NULL,'2018-04-18 07:06:38',NULL),
	(76,'刘予希',NULL,NULL,'18871721190','752011428','陈宜蕃',19,'三峡大学','金融',NULL,NULL,'2017-04-29',NULL,'在读',NULL,NULL,'undefined\n加群情况：undefined\n在职在读：19在读',NULL,'2018-04-18 07:06:38',NULL),
	(77,'王冠博',NULL,NULL,'15584097226','1095889532','钱炜楠',19,'吉林化工学院',NULL,NULL,NULL,'2017-05-04',NULL,'届',NULL,NULL,'undefined\n加群情况：undefined\n在职在读：19届',NULL,'2018-04-18 07:06:38',NULL),
	(78,'宋佳',NULL,NULL,'18743207656','1192370819','钱炜楠',19,'吉林农业大学','园林',NULL,NULL,'2017-05-06',NULL,'在读',NULL,NULL,'17年5月报班SVIP班型，语音沟通次数为36课时，重修资格\n为VIPC班型，但是重修服务内容按照VIPB的服务内容\n加群情况：undefined\n在职在读：19在读',NULL,'2018-04-18 07:06:38',NULL),
	(79,'李心怡',NULL,NULL,'15723246361','562324709','刘芳',19,'重庆文理学院','电气工程及其自动化',NULL,NULL,'2017-05-06',NULL,'在读',NULL,NULL,'undefined\n加群情况：undefined\n在职在读：19在读',NULL,'2018-04-18 07:06:38',NULL),
	(80,'席代薇',NULL,NULL,'13139635819','984388393','董金华',19,'自考本科（湖南中医药大学）','药学专业',NULL,NULL,'2017-05-07',NULL,'在读',NULL,NULL,'undefined\n加群情况：undefined\n在职在读：19在读',NULL,'2018-04-18 07:06:38',NULL),
	(81,'程琪慧',NULL,NULL,'18872728478','1045894432','张煜',19,'陕西中医药大学','应用心理学',NULL,NULL,'2017-05-11',NULL,'在读',NULL,NULL,'17年5月报班SVIP班型，语音沟通次数为36个课时；重修资\n格为VIPC班型，但是重修服务内容按照VIPB的服务内容\n加群情况：undefined\n在职在读：19在读',NULL,'2018-04-18 07:06:38',NULL),
	(82,'卢琪琪',NULL,NULL,'18162906716','289531610','陈小雪',19,'湖北师范学院','艺术设计',NULL,NULL,'2017-05-14',NULL,'在读',NULL,NULL,'17年5月报班SVIP班型，语音沟通次数为36课时，重修资格\n为VIPC班型，但是重修服务内容按照VIPB的服务内容\n加群情况：undefined\n在职在读：19在读',NULL,'2018-04-18 07:06:38',NULL),
	(83,'白秀丽',NULL,NULL,'18301426177','929560483','陈小雪',19,' HR','11年毕业',NULL,NULL,'2017-05-15',NULL,'届',NULL,NULL,'undefined\n加群情况：undefined\n在职在读：19届',NULL,'2018-04-18 07:06:38',NULL),
	(84,'丁梓辰',NULL,NULL,'15205170281','1426397451','钱炜楠',19,'中央警官学院','刑事执行（社区矫正方向）',NULL,NULL,'2017-05-17',NULL,'在读',NULL,NULL,'undefined\n加群情况：undefined\n在职在读：19在读',NULL,'2018-04-18 07:06:38',NULL),
	(85,'徐阳',NULL,NULL,'17854259964','945134956','钱炜楠',19,'山东科技大学','材料成型及控制工程',NULL,NULL,'2017-05-18',NULL,'届',NULL,NULL,'18学员延迟休学。已沟通四次，还剩下两课时\n加群情况：undefined\n在职在读：19届',NULL,'2018-04-18 07:06:38',NULL),
	(86,'王璞',NULL,NULL,'15123998269','756805466','李丹',20,NULL,'公司企业管理',NULL,NULL,'2017-05-19',NULL,'届',NULL,NULL,'17年5月报班VIPA班型，语音沟通次数为26个课时；复试\n服务内容按照SVIP的服务内容  但是没有“综合素质特训”\n加群情况：undefined\n在职在读：20届',NULL,'2018-04-18 07:06:38',NULL),
	(87,'刘琛琛',NULL,NULL,'15515361823','610956227','刘昕钰',19,'南阳理工','小学教育',NULL,NULL,'2017-05-19',NULL,'届',NULL,NULL,'undefined\n加群情况：undefined\n在职在读：19届',NULL,'2018-04-18 07:06:38',NULL),
	(88,'周晓莹',NULL,NULL,'13829081227','1085184456','陈小雪',19,'韩山师范学院','生物科学',NULL,NULL,'2017-05-20',NULL,'在读',NULL,NULL,'undefined\n加群情况：undefined\n在职在读：19在读',NULL,'2018-04-18 07:06:38',NULL),
	(89,'叶竹馨',NULL,NULL,'15900690506','2722855836','武雪纯',19,'应用技术大学','社会工作',NULL,NULL,'2017-05-22',NULL,'在读',NULL,NULL,'17年5月报班VIPA班型，语音沟通次数为26个课时；复试服\n务内容按照SVIP的服务内容  但是没有“综合素质特训”\n加群情况：undefined\n在职在读：19在读',NULL,'2018-04-18 07:06:38',NULL),
	(90,'唐芸',NULL,NULL,'18782610233','2318819128','李丹',19,'四川理工学院','应用心理学',NULL,NULL,'2017-05-26',NULL,'在读',NULL,NULL,'undefined\n加群情况：undefined\n在职在读：19在读',NULL,'2018-04-18 07:06:38',NULL),
	(91,'方敏',NULL,NULL,'17719302089','1330827243','刘羽杰',19,'宿州学院','市场营销',NULL,NULL,'2017-05-26',NULL,'在读',NULL,NULL,'171127已退班\n加群情况：undefined\n在职在读：19在读',NULL,'2018-04-18 07:06:38',NULL),
	(92,'马圣男',NULL,NULL,'18662925286','571971438','李梦斐',19,'南京中医药大学','护理学',NULL,NULL,'2017-05-27',NULL,'在读',NULL,NULL,'17年5月报班VIPC班型，语音沟通次数为8个课时\n加群情况：undefined\n在职在读：19在读',NULL,'2018-04-18 07:06:38',NULL),
	(93,'何佳',NULL,NULL,'13470088605','786193095','徐哲泉',19,'辽东学院','旅游管理',NULL,NULL,'2017-05-27',NULL,'届',NULL,NULL,'17年6月报班VIPC班型，语音沟通次数为8个课时\n加群情况：undefined\n在职在读：19届',NULL,'2018-04-18 07:06:38',NULL),
	(94,'王志丽',NULL,NULL,'13484718707','1525099901','钱炜楠',19,'内蒙古财经大学','人力资源管理',NULL,NULL,'2017-06-08',NULL,'届',NULL,NULL,'17年6月报班VIPA班型，语音沟通次数为26个课时；复试服\n务内容按照SVIP的服务内容  但是没有“综合素质特训”\n加群情况：undefined\n在职在读：19届',NULL,'2018-04-18 07:06:38',NULL),
	(95,'高延超',NULL,NULL,'18853851682','2250273799','刘芳',19,'山东科技大学','金融学',NULL,NULL,'2017-06-09',NULL,'届',NULL,NULL,'undefined\n加群情况：undefined\n在职在读：19届',NULL,'2018-04-18 07:06:38',NULL),
	(96,'王美玲',NULL,NULL,'18850047872','996609602','胡霜',19,'集美大学','工商管理专业',NULL,NULL,'2017-06-12',NULL,'届',NULL,NULL,'undefined\n加群情况：undefined\n在职在读：19届',NULL,'2018-04-18 07:06:38',NULL),
	(97,'陈平',NULL,NULL,'17760878856','1578893656','刘雨翩',19,'安庆师范大学','应用心理学',NULL,NULL,'2017-06-13',NULL,'在读',NULL,NULL,'17年6月报班VIPC班型，语音沟通次数为8个课时\n加群情况：undefined\n在职在读：19在读',NULL,'2018-04-18 07:06:38',NULL),
	(98,'常蕊',NULL,NULL,'15633843427','1289945968','许威',19,'天津中医药大学','劳动与社会保障',NULL,NULL,'2017-06-19',NULL,'届',NULL,NULL,'基本情况:读本校应用心理学双学位，核心课程基本上完，考取心理咨询师三级证书，2018年结束实习和心理学答辩。\n加群情况：undefined\n在职在读：19届',NULL,'2018-04-18 07:06:38',NULL),
	(99,'赵晨',NULL,NULL,'15190036401','2731999293','徐哲泉',19,'桂林理工大学','宝石及材料工艺',NULL,NULL,'2017-06-19',NULL,'届',NULL,NULL,'undefined\n加群情况：undefined\n在职在读：19届',NULL,'2018-04-18 07:06:38',NULL),
	(100,'吴丽娜',NULL,NULL,'18855687869','1244684828','董金华',19,'安庆师范大学','应用心理学',NULL,NULL,'2017-06-20',NULL,'届',NULL,NULL,'undefined\n加群情况：undefined\n在职在读：19届',NULL,'2018-04-18 07:06:38',NULL),
	(101,'何文杰',NULL,NULL,'15575875073','164805344','李丹',19,'湘潭大学','行政管理专业',NULL,NULL,'2017-06-26',NULL,'届',NULL,NULL,'17年6月报班VIPA班型，语音沟通次数为26个课时；复试\n服务内容按照SVIP的服务内容  但是没有“综合素质特训”\n加群情况：undefined\n在职在读：19届',NULL,'2018-04-18 07:06:38',NULL),
	(102,'落九',NULL,NULL,'17317872738','1666169946','李丹',19,'上师大','心理学',NULL,NULL,'2017-06-26',NULL,'在读',NULL,NULL,'undefined\n加群情况：undefined\n在职在读：19在读',NULL,'2018-04-18 07:06:38',NULL),
	(103,'董巍',NULL,NULL,'18301983180','2819528727','张煜',19,'上师大','应用心理',NULL,NULL,'2017-06-27',NULL,'在读',NULL,NULL,'undefined\n加群情况：undefined\n在职在读：19在读',NULL,'2018-04-18 07:06:38',NULL),
	(104,'章恩硕',NULL,NULL,'17689721699','450331562','李丹',19,'海南医学院','药学',NULL,NULL,'2017-06-28',NULL,'在读',NULL,NULL,'undefined\n加群情况：undefined\n在职在读：19在读',NULL,'2018-04-18 07:06:38',NULL),
	(105,'汪子君',NULL,NULL,'13773114254','2740368916','汪美玲',19,'淮阴师范学院 ','行政管理',NULL,NULL,'2017-06-28',NULL,'在读',NULL,NULL,'undefined\n加群情况：undefined\n在职在读：19在读',NULL,'2018-04-18 07:06:38',NULL),
	(106,'董露',NULL,NULL,'13437137796','729980226','钱炜楠',19,'武汉纺织大学外经贸学院','会计学',NULL,NULL,'2017-06-29',NULL,'在读',NULL,NULL,'undefined\n加群情况：undefined\n在职在读：19在读',NULL,'2018-04-18 07:06:38',NULL),
	(107,'张微',NULL,NULL,'18396303544','2453899456','张煜',19,'福建师范大学','高分子材料',NULL,NULL,'2017-06-30',NULL,'在读',NULL,NULL,'undefined\n加群情况：undefined\n在职在读：19在读',NULL,'2018-04-18 07:06:38',NULL),
	(108,'熊梦笛',NULL,NULL,'15713766381','839006574','徐哲泉',19,' 许昌学院','工商管理',NULL,NULL,'2017-07-03',NULL,'在读',NULL,NULL,'undefined\n加群情况：undefined\n在职在读：19在读',NULL,'2018-04-18 07:06:38',NULL),
	(109,'陈超凡',NULL,NULL,'18795939152','1104418410','钱炜楠',19,'西工大明德学院','金融学',NULL,NULL,'2017-07-03',NULL,'在读',NULL,NULL,'undefined\n加群情况：undefined\n在职在读：19在读',NULL,'2018-04-18 07:06:38',NULL),
	(110,'佘梦嫣',NULL,NULL,'15273807233','516401075','张煜',19,'湖南警察学院','应用心理学',NULL,NULL,'2017-07-03',NULL,'在读',NULL,NULL,'17年7月报班VIPC班型，语音沟通次数为8个课时\n加群情况：undefined\n在职在读：19在读',NULL,'2018-04-18 07:06:38',NULL),
	(111,'徐颖',NULL,NULL,'18017425160','876800671','钱炜楠',19,'上海师范大学天华学院','应用心理学',NULL,NULL,'2017-07-04',NULL,'在读',NULL,NULL,'undefined\n加群情况：undefined\n在职在读：19在读',NULL,'2018-04-18 07:06:38',NULL),
	(112,'杨佳',NULL,NULL,'13556896254','791684382','陈小雪',19,'深圳大学','教育学',NULL,NULL,'2017-07-04',NULL,'在职',NULL,NULL,'不在校区群\n加群情况：undefined\n在职在读：19在职',NULL,'2018-04-18 07:06:38',NULL),
	(113,'俞章',NULL,NULL,'13921817957','766172534','钱炜楠',19,'盐城工学院 ','计算机科学与技术',NULL,NULL,'2017-07-06',NULL,'届',NULL,NULL,'17年7月报班VIPC班型，语音沟通次数为8个课时\n加群情况：undefined\n在职在读：19届',NULL,'2018-04-18 07:06:38',NULL),
	(114,'杨凡',NULL,NULL,'13591782008','951887424','闫姿伊',19,'大连艺术学院 ','环境设计',NULL,NULL,'2017-07-08',NULL,'待业',NULL,NULL,'undefined\n加群情况：undefined\n在职在读：19待业',NULL,'2018-04-18 07:06:38',NULL),
	(115,'郝曾烽',NULL,NULL,'15192033210','2913718109','董金华',19,'枣庄学院','英语',NULL,NULL,'2017-07-09',NULL,'在读',NULL,NULL,'转班学员，原转班人员：苏大专SVIP满晓彤，1092897540，15653850082\n加群情况：undefined\n在职在读：19在读',NULL,'2018-04-18 07:06:38',NULL),
	(116,'吴蓥滢',NULL,NULL,'13400077386','384303379','钱炜楠',19,'南京工程学院','市场营销',NULL,NULL,'2017-07-09',NULL,'在读',NULL,NULL,'undefined\n加群情况：undefined\n在职在读：19在读',NULL,'2018-04-18 07:06:38',NULL),
	(117,'杨舒琪',NULL,NULL,'15902276675','514423743','陈嘉顺',19,'天津中医药大学','应用心理学',NULL,NULL,'2017-07-11',NULL,'在读',NULL,NULL,'undefined\n加群情况：undefined\n在职在读：19在读',NULL,'2018-04-18 07:06:38',NULL),
	(118,'钱颖霞',NULL,NULL,'13422041936','1277978556','曹影',19,'华南农业大学','服装设计与工程',NULL,NULL,'2017-07-12',NULL,'在读',NULL,NULL,'undefined\n加群情况：undefined\n在职在读：19在读',NULL,'2018-04-18 07:06:38',NULL),
	(119,'孙雪琪',NULL,NULL,'15574832660','915496654','曹影',19,'中南林业科技大学','旅游管理专业',NULL,NULL,'2017-07-11',NULL,'在读',NULL,NULL,'17年7月报班VIPA班型，语音沟通次数为26个课时；复试服务内容按照SVIP的服务内容  但是没有“综合素质特训”\n加群情况：undefined\n在职在读：19在读',NULL,'2018-04-18 07:06:38',NULL),
	(120,'唐婉莹',NULL,NULL,'18655012517','1063175970','钱炜楠',19,'淮北师范大学',' 应用心理学',NULL,NULL,'2017-07-12',NULL,'在读',NULL,NULL,'180412已退班\n加群情况：undefined\n在职在读：19在读',NULL,'2018-04-18 07:06:38',NULL),
	(121,'郭祎玮',NULL,NULL,'18218339715','644218398','李丹',19,'北京师范大学珠海分校','公共事业管理',NULL,NULL,'2017-07-12',NULL,'在读',NULL,NULL,'17年7月报班VIPC班型，语音沟通次数为8个课时\n加群情况：undefined\n在职在读：19在读',NULL,'2018-04-18 07:06:38',NULL),
	(122,'曾婧雯',NULL,NULL,'18359622779','513957706','李丹',19,'闽南师范大学','心理专业（师范类）',NULL,NULL,'2017-07-13',NULL,'在读',NULL,NULL,'undefined\n加群情况：undefined\n在职在读：19在读',NULL,'2018-04-18 07:06:38',NULL),
	(123,'马林芳',NULL,NULL,'18867319268','1642362776','孙龙',19,'湖南工业大学','国际经济与贸易',NULL,NULL,'2017-07-14',NULL,'届',NULL,NULL,'undefined\n加群情况：undefined\n在职在读：19届',NULL,'2018-04-18 07:06:38',NULL),
	(124,'郎靖坤',NULL,NULL,'13299912666','423747826','钱炜楠',19,'中国地质大学','通信工程',NULL,NULL,'2017-07-15',NULL,'在读',NULL,NULL,'undefined\n加群情况：undefined\n在职在读：19在读',NULL,'2018-04-18 07:06:38',NULL),
	(125,'韩梦婕',NULL,NULL,'13525071426','914084962','曹影',19,'新乡学院','美术学（国画）',NULL,NULL,'2017-07-16',NULL,'届',NULL,NULL,'undefined\n加群情况：undefined\n在职在读：19届',NULL,'2018-04-18 07:06:38',NULL),
	(126,'姜丽平',NULL,NULL,'18856622861','1906504606','钱炜楠',19,'池州学院','文化产业管理',NULL,NULL,'2017-07-18',NULL,'届',NULL,NULL,'undefined\n加群情况：undefined\n在职在读：19届',NULL,'2018-04-18 07:06:38',NULL),
	(127,'叶品荷',NULL,NULL,'17621506282','1127242845','武雪纯',19,'安徽中医药大学','应用心理学',NULL,NULL,'2017-07-18',NULL,'在读',NULL,NULL,'17年7月报班VIPA班型，语音沟通次数为26个课时；复试\n服务内容按照SVIP的服务内容  但是没有“综合素质特训”\n加群情况：undefined\n在职在读：19在读',NULL,'2018-04-18 07:06:38',NULL),
	(128,'宁爱敏\r',NULL,NULL,'15247120924','1308904752','闫姿伊',19,'内蒙古大学创业学院','英语',NULL,NULL,'2017-07-19',NULL,'在读',NULL,NULL,'undefined\n加群情况：undefined\n在职在读：19在读',NULL,'2018-04-18 07:06:38',NULL),
	(129,'周钰淇',NULL,NULL,'18851731807','849480485','钱炜楠',19,'南京金陵科技学院','市场营销',NULL,NULL,'2017-07-23',NULL,'在读',NULL,NULL,'undefined\n加群情况：undefined\n在职在读：19在读',NULL,'2018-04-18 07:06:38',NULL),
	(130,'郭中滢',NULL,NULL,'17715848105','1342682522','陈小雪',19,'扬州大学广陵学院','环境与艺术设计专业',NULL,NULL,'2017-07-23',NULL,'在读',NULL,NULL,'17年7月报班SVIP班型，语音沟通次数为36课时，重修资\n格为VIPC班型，但是重修服务内容按照VIPB的服务内容\n加群情况：undefined\n在职在读：19在读',NULL,'2018-04-18 07:06:38',NULL),
	(131,'周孟秋',NULL,NULL,'15967192167','870059246','张煜',19,'浙江财经大学','人力资源管理',NULL,NULL,'2017-07-25',NULL,'在读',NULL,NULL,'转班学员，原转班学员复旦专郭沫如  594592292  \n18742058613\n加群情况：undefined\n在职在读：19在读',NULL,'2018-04-18 07:06:38',NULL),
	(132,'肖贵华',NULL,NULL,'15720934975','2690093912','钱炜楠',19,'上饶师范学院','心理学',NULL,NULL,'2017-07-26',NULL,'届',NULL,NULL,'undefined\n加群情况：undefined\n在职在读：19届',NULL,'2018-04-18 07:06:38',NULL),
	(133,'卢军丽',NULL,NULL,'18366193480','907605794','董金华',19,'山东女子学院','应用心理学',NULL,NULL,'2017-07-27',NULL,'在职',NULL,NULL,'undefined\n加群情况：undefined\n在职在读：19在职',NULL,'2018-04-18 07:06:38',NULL),
	(134,'方博',NULL,NULL,'15003238693','3305333215','钱炜楠',19,'河北北方学院','农林经济管理',NULL,NULL,'2017-07-27',NULL,'在读',NULL,NULL,'17年7月报班VIPC班型，语音沟通次数为8个课时\n加群情况：undefined\n在职在读：19在读',NULL,'2018-04-18 07:06:38',NULL),
	(135,'康志恒',NULL,NULL,'13001352063','450681282','钱炜楠',19,'天津大学仁爱学院','  财务管理专业   ',NULL,NULL,'2017-07-28',NULL,'在读',NULL,NULL,'17年7月报班VIPC班型，语音沟通次数为8个课时\n加群情况：undefined\n在职在读：19在读',NULL,'2018-04-18 07:06:38',NULL),
	(136,'沈璐奇',NULL,NULL,'17855826966','1335216437','徐耀琛',19,'宁波大学科学技术学院','会计',NULL,NULL,'2017-07-28',NULL,'在读',NULL,NULL,'undefined\n加群情况：undefined\n在职在读：19在读',NULL,'2018-04-18 07:06:38',NULL),
	(137,'邱丹丹',NULL,NULL,'18236183721','863612142','曹影',19,'河南师范大学新联学院','心理学',NULL,NULL,'2017-07-28',NULL,'在读',NULL,NULL,'undefined\n加群情况：undefined\n在职在读：19在读',NULL,'2018-04-18 07:06:38',NULL),
	(138,'欧雨梅',NULL,NULL,'13818679337','980661412','李丹',19,'上师大','科学教育',NULL,NULL,'2017-07-29',NULL,'届',NULL,NULL,'undefined\n加群情况：undefined\n在职在读：19届',NULL,'2018-04-18 07:06:38',NULL),
	(139,'胡泽楠',NULL,NULL,'18267508646','631512144','李丹',19,'中南财经政法大学','电影学',NULL,NULL,'2017-07-29',NULL,'在读',NULL,NULL,'17年7月报班SVIP班型，语音沟通次数为36个课时；重修资\n格为VIPC班型，但是重修服务内容按照VIPB的服务内容\n加群情况：undefined\n在职在读：19在读',NULL,'2018-04-18 07:06:38',NULL),
	(140,'朱智威',NULL,NULL,'18317705913','284646813','董金华',19,'安阳师范学院','应用心理学',NULL,NULL,'2017-07-30',NULL,'在读',NULL,NULL,'undefined\n加群情况：undefined\n在职在读：19在读',NULL,'2018-04-18 07:06:38',NULL),
	(141,'黄舒可',NULL,NULL,'15296886807','361221041','钱炜楠',19,'南京林业大学','汉语言文学',NULL,NULL,'2017-08-01',NULL,'在读',NULL,NULL,'17年8月报班VIPC班型，语音沟通次数为8个课时\n加群情况：undefined\n在职在读：19在读',NULL,'2018-04-18 07:06:38',NULL),
	(142,'丁竹胸',NULL,NULL,'18705177030','574183329','钱炜楠',19,'南京财经大学','金融学院',NULL,NULL,'2017-08-01',NULL,'在职',NULL,NULL,'undefined\n加群情况：undefined\n在职在读：19在职',NULL,'2018-04-18 07:06:38',NULL),
	(143,'戴野',NULL,NULL,'18846105683','920293530','郑文峰',19,'哈尔滨师范大学','会计学',NULL,NULL,'2017-08-06',NULL,'在读',NULL,NULL,'undefined\n加群情况：undefined\n在职在读：19在读',NULL,'2018-04-18 07:06:38',NULL),
	(144,'李志坤',NULL,NULL,'13797928438','2659966340','闫姿伊',19,'湖北师范大学','应用心理学',NULL,NULL,'2017-08-07',NULL,'在读',NULL,NULL,'undefined\n加群情况：undefined\n在职在读：19在读',NULL,'2018-04-18 07:06:38',NULL),
	(145,'戴一航',NULL,NULL,'18392859755','1628110987','张煜',19,'西安工程大学','微电子科学与工程',NULL,NULL,'2017-08-07',NULL,'在读',NULL,NULL,'17年8月报班VIPA班型，语音沟通次数为26个课时；复试服\n务内容按照SVIP的服务内容  但是没有“综合素质特训”\n加群情况：undefined\n在职在读：19在读',NULL,'2018-04-18 07:06:38',NULL),
	(146,'洪泽枫',NULL,NULL,'17876252272','794315296','武雪纯',19,'肇庆学院','应用心理学',NULL,NULL,'2017-08-11',NULL,'在读',NULL,NULL,'17年8月报班VIPA班型，语音沟通次数为26个课时；复试服\n务内容按照SVIP的服务内容  但是没有“综合素质特训”\n加群情况：undefined\n在职在读：19在读',NULL,'2018-04-18 07:06:38',NULL),
	(147,'唐一菡',NULL,NULL,'18852957150','229103619','钱炜楠',19,'常熟理工学院','信息与计算科学',NULL,NULL,'2017-08-15',NULL,'在读',NULL,NULL,'undefined\n加群情况：undefined\n在职在读：19在读',NULL,'2018-04-18 07:06:38',NULL),
	(148,'李晓燕',NULL,NULL,'17864266191','1925849824','李丹',19,'青岛理工大学','社会工作',NULL,NULL,'2017-08-15',NULL,'在读',NULL,NULL,'17年8月报班VIPC班型，语音沟通次数为8个课时\n加群情况：undefined\n在职在读：19在读',NULL,'2018-04-18 07:06:38',NULL),
	(149,'赵梦媛',NULL,NULL,'18328092419','751686044','闫姿伊',19,'四川大学','口腔医学技术',NULL,NULL,'2017-08-15',NULL,'在读',NULL,NULL,'17年8月报班VIPC班型，语音沟通次数为8个课时\n加群情况：undefined\n在职在读：19在读',NULL,'2018-04-18 07:06:38',NULL),
	(150,'黄欣月',NULL,NULL,'13121157399','424759997','张煜',19,'北京语言大学','韩语',NULL,NULL,'2017-08-15',NULL,'在读',NULL,NULL,'undefined\n加群情况：undefined\n在职在读：19在读',NULL,'2018-04-18 07:06:38',NULL),
	(151,'易泽秀',NULL,NULL,'15708919932','1391732984','张煜',19,'海南医学院','公共事业管理（卫生管理）',NULL,NULL,'2017-08-16',NULL,'在读',NULL,NULL,'17年8月报班VIPC班型，语音沟通次数为8个课时\n加群情况：undefined\n在职在读：19在读',NULL,'2018-04-18 07:06:38',NULL),
	(152,'林梓钦',NULL,NULL,'15766384555','453085761','陈嘉顺',19,'仲恺农业工程学院','环境艺术设计',NULL,NULL,'2017-08-17',NULL,'在读',NULL,NULL,'undefined\n加群情况：undefined\n在职在读：19在读',NULL,'2018-04-18 07:06:38',NULL),
	(153,'陶娟',NULL,NULL,'15071667342','1252842256','钱炜楠',19,'华中科技大学武昌分校','广播电视新闻学',NULL,NULL,'2017-08-17',NULL,'在读',NULL,NULL,'undefined\n加群情况：undefined\n在职在读：19在读',NULL,'2018-04-18 07:06:38',NULL),
	(154,'张素巧',NULL,NULL,'15103824294','1521101059','李梦斐',19,'安阳师范学院','市场营销',NULL,NULL,'2017-08-18',NULL,'届',NULL,NULL,'undefined\n加群情况：undefined\n在职在读：19届',NULL,'2018-04-18 07:06:38',NULL),
	(155,'宋文平',NULL,NULL,'17865816400','2451791573','武雪纯',19,'聊城大学','制药工程',NULL,NULL,'2017-08-19',NULL,'在读',NULL,NULL,'undefined\n加群情况：undefined\n在职在读：19在读',NULL,'2018-04-18 07:06:38',NULL),
	(156,'王敏',NULL,NULL,'15737859091','1121269957','钱炜楠',19,'护理','河南大学',NULL,NULL,'2017-08-19',NULL,'在读',NULL,NULL,'17年8月报班VIPA班型，语音沟通次数为26个课时；复试服\n务内容按照SVIP的服务内容  但是没有“综合素质特训”\n加群情况：undefined\n在职在读：19在读',NULL,'2018-04-18 07:06:38',NULL),
	(157,'冉宇',NULL,NULL,'18588787812','493678265','徐哲泉',19,'广东亚视演艺职业学院','播音与主持专业',NULL,NULL,'2017-08-19',NULL,'在职',NULL,NULL,'17年8月报班VIPC班型，语音沟通次数为8个课时\n加群情况：undefined\n在职在读：19在职',NULL,'2018-04-18 07:06:38',NULL),
	(158,'尚照轩',NULL,NULL,'13539496002','949489961','张煜',19,'华南师大','心理健康教育',NULL,NULL,'2017-08-22',NULL,'在职',NULL,NULL,'17年8月报班VIPA班型，语音沟通次数为26个课时；复试服\n务内容按照SVIP的服务内容  但是没有“综合素质特训”\n加群情况：undefined\n在职在读：19在职',NULL,'2018-04-18 07:06:38',NULL),
	(159,'高瑾',NULL,NULL,'17806095923','1175295101','徐哲泉',19,'菏泽学院 ','心理学',NULL,NULL,'2017-08-22',NULL,'在读',NULL,NULL,'17年8月报班VIPC班型，语音沟通次数为8个课时\n加群情况：undefined\n在职在读：19在读',NULL,'2018-04-18 07:06:38',NULL),
	(160,'苏晓婷',NULL,NULL,'13377176780','958944113','徐哲泉',19,'广西师范学院师园学院','汉语言文学',NULL,NULL,'2017-08-23',NULL,'在读',NULL,NULL,'171012已退班\n加群情况：undefined\n在职在读：19在读',NULL,'2018-04-18 07:06:38',NULL),
	(161,'宋雁霖',NULL,NULL,'17636339597','1044152191','闫姿伊',19,'长治学院','公共事业管理',NULL,NULL,'2017-08-24',NULL,'在读',NULL,NULL,'undefined\n加群情况：undefined\n在职在读：19在读',NULL,'2018-04-18 07:06:38',NULL),
	(162,'朱梦滢',NULL,NULL,'18741177879','365494236','武雪纯',19,'中北大学','电子信息科学与技术',NULL,NULL,'2017-08-24',NULL,'在职',NULL,NULL,'17年8月报班VIPA班型，语音沟通次数为26个课时；复试服\n务内容按照SVIP的服务内容  但是没有“综合素质特训”\n加群情况：undefined\n在职在读：19在职',NULL,'2018-04-18 07:06:38',NULL),
	(163,'孙上人',NULL,NULL,'15610451852','864335908','徐哲泉',19,'山东科技大学','工业设计',NULL,NULL,'2017-08-25',NULL,'在职',NULL,NULL,'17年8月报班VIPA班型，语音沟通次数为26个课时；复试服\n务内容按照SVIP的服务内容  但是没有“综合素质特训”\n加群情况：undefined\n在职在读：19在职',NULL,'2018-04-18 07:06:38',NULL),
	(164,'刘泽群',NULL,NULL,'15526461386','1433559233','徐哲泉',19,'湖南师范大学树达学院','应用心理学',NULL,NULL,'2017-08-25',NULL,'在读',NULL,NULL,'17年8月报班SVIP班型，语音沟通次数为36个课时；重修\n资格为VIPC班型，但是重修服务内容按照VIPB的服务内容\n加群情况：undefined\n在职在读：19在读',NULL,'2018-04-18 07:06:38',NULL),
	(165,'王玉洁',NULL,NULL,'18205196711','346435569','钱炜楠',19,'南京邮电大学','翻译',NULL,NULL,'2017-08-26',NULL,'在读',NULL,NULL,'17年8月报班VIPC班型，语音沟通次数为8个课时\n加群情况：undefined\n在职在读：19在读',NULL,'2018-04-18 07:06:38',NULL),
	(166,'郝晨',NULL,NULL,'18663682233','769464554','徐哲泉',19,'齐鲁师范学院','英语',NULL,NULL,'2017-08-26',NULL,'在职',NULL,NULL,'undefined\n加群情况：undefined\n在职在读：19在职',NULL,'2018-04-18 07:06:38',NULL),
	(167,'李阳',NULL,NULL,'15735012575','3102240458','张煜',19,'山西医科大学','社会工作',NULL,NULL,'2017-08-27',NULL,'在读',NULL,NULL,'undefined\n加群情况：undefined\n在职在读：19在读',NULL,'2018-04-18 07:06:38',NULL),
	(168,'韦柳婕',NULL,NULL,'15578918559','459511515','李丹',19,'广西中医药大学','临床医学',NULL,NULL,'2017-08-28',NULL,'在读',NULL,NULL,'17年8月报班VIPC班型，语音沟通次数为8个课时\n加群情况：undefined\n在职在读：19在读',NULL,'2018-04-18 07:06:38',NULL),
	(169,'徐恒',NULL,NULL,'15753079517','99321304','徐耀琛',19,'吉林师范大学','isec金融学',NULL,NULL,'2017-08-29',NULL,'在读',NULL,NULL,'undefined\n加群情况：undefined\n在职在读：19在读',NULL,'2018-04-18 07:06:38',NULL),
	(170,'汪雨晴',NULL,NULL,'18302175350','601714160','武雪纯',20,'上海对外经贸大学','应用统计',NULL,NULL,'2017-08-30',NULL,'届',NULL,NULL,'undefined\n加群情况：undefined\n在职在读：20届',NULL,'2018-04-18 07:06:38',NULL),
	(171,'李宝怡',NULL,NULL,'13710320833','944579228','徐耀琛',19,'中山大学新华学院','电子商务',NULL,NULL,'2017-08-31',NULL,'在读',NULL,NULL,'undefined\n加群情况：undefined\n在职在读：19在读',NULL,'2018-04-18 07:06:38',NULL),
	(172,'但怡婕',NULL,NULL,'18924672732','2049961572','徐哲泉',19,'湖南工业大学','网络工程',NULL,NULL,'2017-09-01',NULL,'在读',NULL,NULL,'undefined\n加群情况：undefined\n在职在读：19在读',NULL,'2018-04-18 07:06:38',NULL),
	(173,'刘菲菲',NULL,NULL,'15776559715','2505691639','钱炜楠',19,' 黑龙江八一农垦大学 ','英语专业',NULL,NULL,'2017-09-01',NULL,'在读',NULL,NULL,'undefined\n加群情况：undefined\n在职在读：19在读',NULL,'2018-04-18 07:06:38',NULL),
	(174,'王海瑞',NULL,NULL,'18226812145','759361577','钱炜楠',19,'安徽师范大学','物理学专业',NULL,NULL,'2017-09-04',NULL,'在读',NULL,NULL,'undefined\n加群情况：undefined\n在职在读：19在读',NULL,'2018-04-18 07:06:38',NULL),
	(175,'乐家佳',NULL,NULL,'17775277122','839656036','钱炜楠',19,'皖南医学院 ','应用心理学',NULL,NULL,'2017-09-07',NULL,'在读',NULL,NULL,'undefined\n加群情况：undefined\n在职在读：19在读',NULL,'2018-04-18 07:06:38',NULL),
	(176,'符星',NULL,NULL,'18281508312','727097410','徐耀琛',19,'西南科技大学','工商管理',NULL,NULL,'2017-09-07',NULL,'在读',NULL,NULL,'undefined\n加群情况：undefined\n在职在读：19在读',NULL,'2018-04-18 07:06:38',NULL),
	(177,'陈凯枫',NULL,NULL,'17750416693','742050755','徐耀琛',19,'福州大学至诚学院','食品科学与工程',NULL,NULL,'2017-09-07',NULL,'在读',NULL,NULL,'undefined\n加群情况：undefined\n在职在读：19在读',NULL,'2018-04-18 07:06:38',NULL),
	(178,'董则庆',NULL,NULL,'18270894951','365009269','汪美玲',19,'江西科技师范大学','翻译、会计双学位',NULL,NULL,'2017-09-07',NULL,'届',NULL,NULL,'undefined\n加群情况：undefined\n在职在读：19届',NULL,'2018-04-18 07:06:38',NULL),
	(179,'李伟业',NULL,NULL,'17865729699','616212110','董金华',19,'济宁医学院','制药工程',NULL,NULL,'2017-09-08',NULL,'在读',NULL,NULL,'undefined\n加群情况：undefined\n在职在读：19在读',NULL,'2018-04-18 07:06:38',NULL),
	(180,'王小晨',NULL,NULL,'13008277325','158675670','刘昕钰',19,'大连理工大学','化工',NULL,NULL,'2017-09-08',NULL,'在读',NULL,NULL,'undefined\n加群情况：undefined\n在职在读：19在读',NULL,'2018-04-18 07:06:38',NULL),
	(181,'卫依然',NULL,NULL,'17791840798','287298645','张煜',19,'西安外事学院','护理学',NULL,NULL,'2017-09-09',NULL,'在读',NULL,NULL,'undefined\n加群情况：undefined\n在职在读：19在读',NULL,'2018-04-18 07:06:38',NULL),
	(182,'白昌锐',NULL,NULL,'15804294207','825161902','陈小雪',19,'辽宁工程技术大学','安全工程',NULL,NULL,'2017-09-09',NULL,'在读',NULL,NULL,'180227已退班\n加群情况：undefined\n在职在读：19在读',NULL,'2018-04-18 07:06:38',NULL),
	(183,'张淑涵',NULL,NULL,'17865931810','1120749495','陈小雪',19,'山东理工大学','广告学',NULL,NULL,'2017-09-10',NULL,'在读',NULL,NULL,'undefined\n加群情况：undefined\n在职在读：19在读',NULL,'2018-04-18 07:06:38',NULL),
	(184,'彭懿涵',NULL,NULL,'13998280157','603062714','刘昕钰',19,'辽宁大学','行政管理',NULL,NULL,'2017-09-10',NULL,'在读',NULL,NULL,'undefined\n加群情况：undefined\n在职在读：19在读',NULL,'2018-04-18 07:06:38',NULL),
	(185,'方媛媛',NULL,NULL,'18895386860','1907411593','王瑞芳',20,'皖南医学院','护理学',NULL,NULL,'2017-09-11',NULL,'届',NULL,NULL,'undefined\n加群情况：undefined\n在职在读：20届',NULL,'2018-04-18 07:06:38',NULL),
	(186,'梁傲冰',NULL,NULL,'15172556566','270620213','刘昕钰',19,'湖北师范学院文理学院','英语',NULL,NULL,'2017-09-11',NULL,'在职',NULL,NULL,'undefined\n加群情况：undefined\n在职在读：19在职',NULL,'2018-04-18 07:06:38',NULL),
	(187,'袁淑芸',NULL,NULL,'15056320283','1062097127','钱炜楠',19,'长沙师范学院','英语专业',NULL,NULL,'2017-09-11',NULL,'在读',NULL,NULL,'undefined\n加群情况：undefined\n在职在读：19在读',NULL,'2018-04-18 07:06:38',NULL),
	(188,'黄泽君',NULL,NULL,'13794557582','1462877295','徐哲泉',19,'惠州学院','历史学',NULL,NULL,'2017-09-11',NULL,'在读',NULL,NULL,'undefined\n加群情况：undefined\n在职在读：19在读',NULL,'2018-04-18 07:06:38',NULL),
	(189,'许可',NULL,NULL,'13364065521','1074494583','张煜',19,'重庆医科大学','应用心理学',NULL,NULL,'2017-09-11',NULL,'在读',NULL,NULL,'undefined\n加群情况：undefined\n在职在读：19在读',NULL,'2018-04-18 07:06:38',NULL),
	(190,'潘耀安',NULL,NULL,'18688490124','522721828','刘雨翩',19,'肇庆学院','投资学',NULL,NULL,'2017-09-12',NULL,'在读',NULL,NULL,'undefined\n加群情况：undefined\n在职在读：19在读',NULL,'2018-04-18 07:06:38',NULL),
	(191,'陈馨',NULL,NULL,'18709511441','936650574','闫姿伊',19,'常州大学','市场营销',NULL,NULL,'2017-09-13',NULL,'在职',NULL,NULL,'undefined\n加群情况：undefined\n在职在读：19在职',NULL,'2018-04-18 07:06:38',NULL),
	(192,'王顺钰',NULL,NULL,'15096601607','850245221','钱炜楠',19,'大理大学 ','应用心理学',NULL,NULL,'2017-09-13',NULL,'在读',NULL,NULL,'undefined\n加群情况：undefined\n在职在读：19在读',NULL,'2018-04-18 07:06:38',NULL),
	(193,'周沛瑜',NULL,NULL,'13682262495','507754267','徐哲泉',19,'广东白云学院','德语',NULL,NULL,'2017-09-14',NULL,'在读',NULL,NULL,'undefined\n加群情况：undefined\n在职在读：19在读',NULL,'2018-04-18 07:06:38',NULL),
	(194,'姚珣',NULL,NULL,'18323166832','838375029','徐哲泉',19,NULL,'汉语言文学',NULL,NULL,'2017-09-15',NULL,'在读',NULL,NULL,'undefined\n加群情况：undefined\n在职在读：19在读',NULL,'2018-04-18 07:06:38',NULL),
	(195,'赵斯嘉',NULL,NULL,'17745161523','408837807','徐耀琛',19,'东北农业大学','人力资源管理',NULL,NULL,'2017-09-16',NULL,'在读',NULL,NULL,'undefined\n加群情况：undefined\n在职在读：19在读',NULL,'2018-04-18 07:06:38',NULL),
	(196,'冯艳瑜',NULL,NULL,'17863636802','1607106764','钱炜楠',19,'潍坊科技学院','学前教育',NULL,NULL,'2017-09-17',NULL,'在读',NULL,NULL,'170930已退班\n加群情况：undefined\n在职在读：19在读',NULL,'2018-04-18 07:06:38',NULL),
	(197,'蒙祥',NULL,NULL,'15693160627','1796418925','汪美玲',19,'西北民族大学','应用心理学',NULL,NULL,'2017-09-17',NULL,'在读',NULL,NULL,'undefined\n加群情况：undefined\n在职在读：19在读',NULL,'2018-04-18 07:06:38',NULL),
	(198,'姜蒙蒙',NULL,NULL,'18896808284','1351909027','陈小雪',19,'苏州科技大学天平学院','人力资源管理',NULL,NULL,'2017-09-18',NULL,'在读',NULL,NULL,'undefined\n加群情况：undefined\n在职在读：19在读',NULL,'2018-04-18 07:06:38',NULL),
	(199,'宋婉琼',NULL,NULL,'18816203602','2947417679','徐哲泉',19,'无锡太湖学院','财务管理',NULL,NULL,'2017-09-18',NULL,'在读',NULL,NULL,'undefined\n加群情况：undefined\n在职在读：19在读',NULL,'2018-04-18 07:06:38',NULL),
	(200,'潘佳瑜',NULL,NULL,'13632442625','1012077946','徐哲泉',19,'吉林大学珠海学院','人力资源管理',NULL,NULL,'2017-09-19',NULL,'在读',NULL,NULL,'undefined\n加群情况：undefined\n在职在读：19在读',NULL,'2018-04-18 07:06:38',NULL),
	(201,'黄悦璇',NULL,NULL,'13242858935','294014761','刘昕钰',19,'深圳大学','高分子',NULL,NULL,'2017-09-19',NULL,'在读',NULL,NULL,'undefined\n加群情况：undefined\n在职在读：19在读',NULL,'2018-04-18 07:06:38',NULL),
	(202,'隋钰欣',NULL,NULL,'15195122715','2867028473','钱炜楠',19,'盐城工学院','会计专业',NULL,NULL,'2017-09-20',NULL,'在读',NULL,NULL,'undefined\n加群情况：undefined\n在职在读：19在读',NULL,'2018-04-18 07:06:38',NULL),
	(203,'周娟',NULL,NULL,'18616819655','596298673','李丹',19,'南京航空航天大学金城学院','计算机科学与技术',NULL,NULL,'2017-09-21',NULL,'在职',NULL,NULL,'171026已退班\n加群情况：undefined\n在职在读：19在职',NULL,'2018-04-18 07:06:38',NULL),
	(204,'花祥云',NULL,NULL,'15651806263','767310518','钱炜楠',19,'南京师范大学','应用心理学',NULL,NULL,'2017-09-23',NULL,'在读',NULL,NULL,'undefined\n加群情况：undefined\n在职在读：19在读',NULL,'2018-04-18 07:06:38',NULL),
	(205,'陈弘婧',NULL,NULL,'15291853553','614656358','闫姿伊',19,'西安体育学院','心理',NULL,NULL,'2017-09-24',NULL,'在读',NULL,NULL,'undefined\n加群情况：undefined\n在职在读：19在读',NULL,'2018-04-18 07:06:38',NULL),
	(206,'赵蕾',NULL,NULL,'13519176984','1106034905','闫姿伊',19,'西安财经','财务管理',NULL,NULL,'2017-09-27',NULL,'在读',NULL,NULL,'undefined\n加群情况：undefined\n在职在读：19在读',NULL,'2018-04-18 07:06:38',NULL),
	(207,'张小妍',NULL,NULL,'13450171760','744235022','钱炜楠',19,'华南农业大学','金融管理',NULL,NULL,'2017-09-28',NULL,'在读',NULL,NULL,'undefined\n加群情况：undefined\n在职在读：19在读',NULL,'2018-04-18 07:06:38',NULL),
	(208,'张雅丽',NULL,NULL,'15527563156','1372319510','徐哲泉',19,'河南师范大学','应用心理',NULL,NULL,'2017-09-30',NULL,'在读',NULL,NULL,'undefined\n加群情况：undefined\n在职在读：19在读',NULL,'2018-04-18 07:06:38',NULL),
	(209,'何彦晴',NULL,NULL,'18029179980','1097392380','徐耀琛',19,'东莞理工学院','应用化学（食品检测）',NULL,NULL,'2017-10-01',NULL,'在读',NULL,NULL,'undefined\n加群情况：undefined\n在职在读：19在读',NULL,'2018-04-18 07:06:38',NULL),
	(210,'肖晴晴',NULL,NULL,'13814437117','2357319554','董金华',19,'徐州工程学院','计算机科学与技术',NULL,NULL,'2017-10-01',NULL,'在读',NULL,NULL,'undefined\n加群情况：undefined\n在职在读：19在读',NULL,'2018-04-18 07:06:38',NULL),
	(211,'吴姗',NULL,NULL,'13383026452','1678632528','李丹',19,'河北大学','市场营销',NULL,NULL,'2017-10-01',NULL,'在读',NULL,NULL,'undefined\n加群情况：undefined\n在职在读：19在读',NULL,'2018-04-18 07:06:38',NULL),
	(212,'杨夏葵',NULL,NULL,'18252003658','2427581146','钱炜楠',19,'南京理工大学紫金学院','国际贸易',NULL,NULL,'2017-10-03',NULL,'在读',NULL,NULL,'undefined\n加群情况：undefined\n在职在读：19在读',NULL,'2018-04-18 07:06:38',NULL),
	(213,'李航娇',NULL,NULL,'15940250059','554007254','钱炜楠',19,'沈阳师范大学','市场营销',NULL,NULL,'2017-10-06',NULL,'在读',NULL,NULL,'undefined\n加群情况：undefined\n在职在读：19在读',NULL,'2018-04-18 07:06:38',NULL),
	(214,'仇云静',NULL,NULL,'17863905801','1209066827','钱炜楠',19,'青岛理工大学','材料科学与工程',NULL,NULL,'2017-10-07',NULL,'在读',NULL,NULL,'undefined\n加群情况：undefined\n在职在读：19在读',NULL,'2018-04-18 07:06:38',NULL),
	(215,'元京',NULL,NULL,'17573209175','1752888458','董金华',19,'湖南工程学院','经济学',NULL,NULL,'2017-10-09',NULL,'待业',NULL,NULL,'undefined\n加群情况：undefined\n在职在读：19待业',NULL,'2018-04-18 07:06:38',NULL),
	(216,'夏作为',NULL,NULL,'15826633227','782847072','钱炜楠',19,'武汉东湖学院','金融学 ',NULL,NULL,'2017-10-09',NULL,'在读',NULL,NULL,'undefined\n加群情况：undefined\n在职在读：19在读',NULL,'2018-04-18 07:06:38',NULL),
	(217,'卢利捧',NULL,NULL,'18339849856','2650720057','徐哲泉',19,'郑州师范学院','数学与应用数学',NULL,NULL,'2017-10-09',NULL,'在读',NULL,NULL,'undefined\n加群情况：undefined\n在职在读：19在读',NULL,'2018-04-18 07:06:38',NULL),
	(218,'傅敏虹',NULL,NULL,'13358380778','935451551','武雪纯',19,'三亚学院','汉语国际教育',NULL,NULL,'2017-10-09',NULL,'在读',NULL,NULL,'undefined\n加群情况：undefined\n在职在读：19在读',NULL,'2018-04-18 07:06:38',NULL),
	(219,'徐韩娜',NULL,NULL,'15910194184','997791643','武雪纯',19,'青岛科技大学','化工专业',NULL,NULL,'2017-10-09',NULL,'在读',NULL,NULL,'undefined\n加群情况：undefined\n在职在读：19在读',NULL,'2018-04-18 07:06:38',NULL),
	(220,'徐悠',NULL,NULL,'17826616615','572396522','刘昕钰',19,'淮阴师范学院','计算机科学与技术（嵌入式）',NULL,NULL,'2017-10-10',NULL,'在读',NULL,NULL,'undefined\n加群情况：undefined\n在职在读：19在读',NULL,'2018-04-18 07:06:38',NULL),
	(221,'关瑞晨',NULL,NULL,'13842068124','915756758','钱炜楠',19,'沈阳师范大学 ','计算机科学与技术',NULL,NULL,'2017-10-10',NULL,'在读',NULL,NULL,'undefined\n加群情况：undefined\n在职在读：19在读',NULL,'2018-04-18 07:06:38',NULL),
	(222,'伍越',NULL,NULL,'15123228694','872867463','陈小雪',19,'重庆工商大学','会计学',NULL,NULL,'2017-10-10',NULL,'在读',NULL,NULL,'undefined\n加群情况：undefined\n在职在读：19在读',NULL,'2018-04-18 07:06:38',NULL),
	(223,'肖瑶',NULL,NULL,'13974405181','1416829196','汪美玲',19,'湖南人文科技学院','环境设计',NULL,NULL,'2017-10-10',NULL,'在读',NULL,NULL,'undefined\n加群情况：undefined\n在职在读：19在读',NULL,'2018-04-18 07:06:38',NULL),
	(224,'符笑涵',NULL,NULL,'13940059632','835446434','钱炜楠',19,'沈阳体育学院 ','应用心理学',NULL,NULL,'2017-10-11',NULL,'在读',NULL,NULL,'undefined\n加群情况：undefined\n在职在读：19在读',NULL,'2018-04-18 07:06:38',NULL),
	(225,'甘梦倩',NULL,NULL,'18158876113','2533737891','张煜',19,'安徽农业大学','应用心理学',NULL,NULL,'2017-10-11',NULL,'在读',NULL,NULL,'undefined\n加群情况：undefined\n在职在读：19在读',NULL,'2018-04-18 07:06:38',NULL),
	(226,'林中钊',NULL,NULL,'13660164251','272184967','刘昕钰',19,'广东培正学院','商务英语',NULL,NULL,'2017-10-11',NULL,'在读',NULL,NULL,'undefined\n加群情况：undefined\n在职在读：19在读',NULL,'2018-04-18 07:06:38',NULL),
	(227,'孙静慧',NULL,NULL,'18374998520','271201937','徐哲泉',19,'湖南农业大学教育学院','应用心理学',NULL,NULL,'2017-10-13',NULL,'在读',NULL,NULL,'undefined\n加群情况：undefined\n在职在读：19在读',NULL,'2018-04-18 07:06:38',NULL),
	(228,'吴敏',NULL,NULL,'17806284938','1132839236','钱炜楠',19,'青岛理工大学','汉语言文学',NULL,NULL,'2017-10-14',NULL,'在读',NULL,NULL,'undefined\n加群情况：undefined\n在职在读：19在读',NULL,'2018-04-18 07:06:38',NULL),
	(229,'文涛',NULL,NULL,'13048116682','54230034','徐哲泉',19,'五邑大学','会计学',NULL,NULL,'2017-10-14',NULL,'在读',NULL,NULL,'undefined\n加群情况：undefined\n在职在读：19在读',NULL,'2018-04-18 07:06:38',NULL),
	(230,'刘靖',NULL,NULL,'18652995690','13196226','钱炜楠',20,'南京工业大学','英语专业',NULL,NULL,'2017-10-14',NULL,'届',NULL,NULL,'undefined\n加群情况：undefined\n在职在读：20届',NULL,'2018-04-18 07:06:38',NULL),
	(231,'何马',NULL,NULL,'13422234067','3098162083','徐哲泉',19,NULL,NULL,NULL,NULL,'2017-10-14',NULL,'届',NULL,NULL,'undefined\n加群情况：undefined\n在职在读：19届',NULL,'2018-04-18 07:06:38',NULL),
	(232,'李芹',NULL,NULL,'15651199715','2658603515','钱炜楠 ',19,'宿迁学院',NULL,NULL,NULL,'2017-10-15',NULL,'在读',NULL,NULL,'undefined\n加群情况：undefined\n在职在读：19在读',NULL,'2018-04-18 07:06:38',NULL),
	(233,'钟辣',NULL,NULL,'15283013640','891576862','钱炜楠',19,NULL,NULL,NULL,NULL,'2017-10-15',NULL,'在读',NULL,NULL,'undefined\n加群情况：undefined\n在职在读：19在读',NULL,'2018-04-18 07:06:38',NULL),
	(234,'商雨晗',NULL,NULL,'15581201233','2875552686','徐哲泉',19,'湖南人文科技学院','应用心理学',NULL,NULL,'2017-10-16',NULL,'在读',NULL,NULL,'undefined\n加群情况：undefined\n在职在读：19在读',NULL,'2018-04-18 07:06:38',NULL),
	(235,'李思漪',NULL,NULL,'15581250901','164905703','徐哲泉',19,'湖南人文科技学院','应用心理学',NULL,NULL,'2017-10-16',NULL,'在读',NULL,NULL,'undefined\n加群情况：undefined\n在职在读：19在读',NULL,'2018-04-18 07:06:38',NULL),
	(236,'张虎',NULL,NULL,'18795858873','651962208','陈小雪',19,'盐城师范学院','电子信息工程',NULL,NULL,'2017-10-16',NULL,'在读',NULL,NULL,'undefined\n加群情况：undefined\n在职在读：19在读',NULL,'2018-04-18 07:06:38',NULL),
	(237,'王雅兰',NULL,NULL,'18256068052','1584635506','董金华',19,'安徽农业大学','应用心理学',NULL,NULL,'2017-10-17',NULL,'在读',NULL,NULL,'undefined\n加群情况：undefined\n在职在读：19在读',NULL,'2018-04-18 07:06:38',NULL),
	(238,'赵颖臻',NULL,NULL,'13640087894','672312885','张煜',19,'韶关学院教育学院','心理学',NULL,NULL,'2017-10-18',NULL,'在读',NULL,NULL,'undefined\n加群情况：undefined\n在职在读：19在读',NULL,'2018-04-18 07:06:38',NULL),
	(239,'刘盈显',NULL,NULL,'15847586054','972405415','闫姿伊',19,'内蒙古民族大学','物理学汉授（师范类）',NULL,NULL,'2017-10-18',NULL,'在读',NULL,NULL,'undefined\n加群情况：undefined\n在职在读：19在读',NULL,'2018-04-18 07:06:38',NULL),
	(240,'单宏宇',NULL,NULL,'18888101790','545929626','钱炜楠',19,'盐城师范学院 ','公共事业管理专业',NULL,NULL,'2017-10-18',NULL,'在读',NULL,NULL,'undefined\n加群情况：undefined\n在职在读：19在读',NULL,'2018-04-18 07:06:38',NULL),
	(241,'殷舒昱',NULL,NULL,'13097213097','1057832753','徐哲泉',19,'江西师范大学','英语',NULL,NULL,'2017-10-20',NULL,'在读',NULL,NULL,'undefined\n加群情况：undefined\n在职在读：19在读',NULL,'2018-04-18 07:06:38',NULL),
	(242,'耿瑾',NULL,NULL,'15538083963','806285061','陈小雪',19,'郑州航空工业管理学院','英语',NULL,NULL,'2017-10-20',NULL,'待业',NULL,NULL,'undefined\n加群情况：undefined\n在职在读：19待业',NULL,'2018-04-18 07:06:38',NULL),
	(243,'蒋丹萍',NULL,NULL,'13663906877','1433468964','徐哲泉',19,'河南师范大学新联学院','心理学',NULL,NULL,'2017-10-21',NULL,'在读',NULL,NULL,'undefined\n加群情况：undefined\n在职在读：19在读',NULL,'2018-04-18 07:06:38',NULL),
	(244,'景珂',NULL,NULL,'18862215789','1756321208','张煜',19,'苏州大学应用技术学院','应用心理学',NULL,NULL,'2017-10-21',NULL,'在读',NULL,NULL,'undefined\n加群情况：undefined\n在职在读：19在读',NULL,'2018-04-18 07:06:38',NULL),
	(245,'周丽',NULL,NULL,'18856603748','731328785','汪美玲',19,'池州学院','土地资源管理',NULL,NULL,'2017-10-24',NULL,'在读',NULL,NULL,'undefined\n加群情况：undefined\n在职在读：19在读',NULL,'2018-04-18 07:06:38',NULL),
	(246,'刘禹琛',NULL,NULL,'15566200557','1454825360','闫姿伊',19,'大连外国语大学','信息管理与信息系统（英日强化）',NULL,NULL,'2017-10-25',NULL,'待业',NULL,NULL,'undefined\n加群情况：undefined\n在职在读：19待业',NULL,'2018-04-18 07:06:38',NULL),
	(247,'钟利玮',NULL,NULL,'15574336995','546916544','武雪纯',19,'湖南涉外经济学院','国际经济与贸易',NULL,NULL,'2017-10-25',NULL,'在读',NULL,NULL,'undefined\n加群情况：undefined\n在职在读：19在读',NULL,'2018-04-18 07:06:38',NULL),
	(248,'杨诗媚',NULL,NULL,'13726256086','52922243','徐哲泉',19,'吉林大学珠海学院','国际贸易',NULL,NULL,'2017-10-25',NULL,'在职',NULL,NULL,'171129已退班\n加群情况：undefined\n在职在读：19在职',NULL,'2018-04-18 07:06:38',NULL),
	(249,'叶思辰',NULL,NULL,'18606278280','627287242','张煜',20,'巢湖学院','应用心理学',NULL,NULL,'2017-10-26',NULL,'届',NULL,NULL,'19学员延休\n加群情况：undefined\n在职在读：20届',NULL,'2018-04-18 07:06:38',NULL),
	(250,'陈静',NULL,NULL,'13813603809','1027564600','钱炜楠',19,'南京医科大学','护理学 ',NULL,NULL,'2017-10-26',NULL,'在读',NULL,NULL,'undefined\n加群情况：undefined\n在职在读：19在读',NULL,'2018-04-18 07:06:38',NULL),
	(251,'张永杰',NULL,NULL,'13133911590','617176681','钱炜楠',19,'江西科技学院  ','工商管理',NULL,NULL,'2017-10-26',NULL,'在读',NULL,NULL,'undefined\n加群情况：undefined\n在职在读：19在读',NULL,'2018-04-18 07:06:38',NULL),
	(252,'黄靖毅高',NULL,NULL,'13133911768','1912713973','钱炜楠',19,'江西科技学院  ','编导',NULL,NULL,'2017-10-26',NULL,'在读',NULL,NULL,'undefined\n加群情况：undefined\n在职在读：19在读',NULL,'2018-04-18 07:06:38',NULL),
	(253,'郑小梅',NULL,NULL,'17604726023','1124257764','徐哲泉',19,'海南大学','市场营销',NULL,NULL,'2017-10-26',NULL,'在职',NULL,NULL,'undefined\n加群情况：undefined\n在职在读：19在职',NULL,'2018-04-18 07:06:38',NULL),
	(254,'彭惠琳',NULL,NULL,'13751857505','247861525','徐哲泉',19,'广州中医药大学','中西医临床',NULL,NULL,'2017-10-27',NULL,'在职',NULL,NULL,'undefined\n加群情况：undefined\n在职在读：19在职',NULL,'2018-04-18 07:06:38',NULL),
	(255,'闵捷',NULL,NULL,'15190076393','735936950','钱炜楠',19,'三江学院','英语专业',NULL,NULL,'2017-10-27',NULL,'在读',NULL,NULL,'undefined\n加群情况：undefined\n在职在读：19在读',NULL,'2018-04-18 07:06:38',NULL),
	(256,'李明雨',NULL,NULL,'18800203212','353673775','张煜',19,'上海大学物理系','电子信息科学与技术',NULL,NULL,'2017-10-27',NULL,'届',NULL,NULL,'180408已退班\n加群情况：undefined\n在职在读：19届',NULL,'2018-04-18 07:06:38',NULL),
	(257,'李音诗',NULL,NULL,'13218025618','2594167256','钱炜楠',19,'金陵科技学院',NULL,NULL,NULL,'2017-10-30',NULL,'在读',NULL,NULL,'180404已退班\n加群情况：undefined\n在职在读：19在读',NULL,'2018-04-18 07:06:38',NULL),
	(258,'凌梦琴',NULL,NULL,'13535359859','3508863273','闫姿伊',20,'广东财经大学华商学院','会计学',NULL,NULL,'2017-10-31',NULL,'在读',NULL,NULL,'undefined\n加群情况：undefined\n在职在读：20在读',NULL,'2018-04-18 07:06:38',NULL),
	(259,'倪梦',NULL,NULL,'13408861594','804905880','徐哲泉',19,'昆明学院','人力资源管理',NULL,NULL,'2017-10-31',NULL,'在读',NULL,NULL,'undefined\n加群情况：undefined\n在职在读：19在读',NULL,'2018-04-18 07:06:38',NULL),
	(260,'邵臣',NULL,NULL,'13672025362','3020451310','闫姿伊',19,'天津医科大学临床医学院','公共卫生事业管理',NULL,NULL,'2017-10-31',NULL,'在读',NULL,NULL,'undefined\n加群情况：undefined\n在职在读：19在读',NULL,'2018-04-18 07:06:38',NULL),
	(261,'丰鑫杰',NULL,NULL,'13955408121','1669645117','徐哲泉',19,'安徽理工大学','机械工程设计制造及其自动化',NULL,NULL,'2017-10-31',NULL,'在读',NULL,NULL,'undefined\n加群情况：undefined\n在职在读：19在读',NULL,'2018-04-18 07:06:38',NULL),
	(262,'唐鑫琪',NULL,NULL,'13642045573','1512171205','张煜',19,'南开大学滨海学院','应用心理学',NULL,NULL,'2017-10-31',NULL,'在读',NULL,NULL,'undefined\n加群情况：undefined\n在职在读：19在读',NULL,'2018-04-18 07:06:38',NULL),
	(263,'李欣宇',NULL,NULL,'13804810693','1055058777','徐哲泉',19,'牡丹江师范学院','经济与管理学院',NULL,NULL,'2017-10-31',NULL,'在读',NULL,NULL,'undefined\n加群情况：undefined\n在职在读：19在读',NULL,'2018-04-18 07:06:38',NULL),
	(264,'赵东旭',NULL,NULL,'18435995396','1043707739','徐哲泉',19,'运城学院','小学教育',NULL,NULL,'2017-10-31',NULL,'在读',NULL,NULL,'undefined\n加群情况：undefined\n在职在读：19在读',NULL,'2018-04-18 07:06:38',NULL),
	(265,'肖璇',NULL,NULL,'18435990420','954462561','徐哲泉',19,'运城学院','小学教育',NULL,NULL,'2017-10-31',NULL,'在读',NULL,NULL,'undefined\n加群情况：undefined\n在职在读：19在读',NULL,'2018-04-18 07:06:38',NULL),
	(266,'朱志祥',NULL,NULL,'13346004766','1511453496','董金华',19,'嘉兴学院','经济学',NULL,NULL,'2017-10-31',NULL,'在读',NULL,NULL,'undefined\n加群情况：undefined\n在职在读：19在读',NULL,'2018-04-18 07:06:38',NULL),
	(267,'董笑红',NULL,NULL,'15607370077','31887017','徐哲泉',19,'湖南师范大学','应用心理学',NULL,NULL,'2017-10-31',NULL,'在职',NULL,NULL,'undefined\n加群情况：undefined\n在职在读：19在职',NULL,'2018-04-18 07:06:38',NULL),
	(268,'周君玉',NULL,NULL,'15973198746','317277630','徐哲泉',19,'湖南师范大学','应用心理学',NULL,NULL,'2017-10-31',NULL,'在职',NULL,NULL,'undefined\n加群情况：undefined\n在职在读：19在职',NULL,'2018-04-18 07:06:38',NULL),
	(269,'汪桂旭',NULL,NULL,'15521258582','779572941','闫姿伊',19,'暨南大学','数学与应用数学',NULL,NULL,'2017-11-01',NULL,'在读',NULL,NULL,'undefined\n加群情况：undefined\n在职在读：19在读',NULL,'2018-04-18 07:06:38',NULL),
	(270,'高晨轩',NULL,NULL,'18205188912','609482662','钱炜楠',19,'南京林业大学','机械设计专业',NULL,NULL,'2017-11-01',NULL,'在读',NULL,NULL,'undefined\n加群情况：undefined\n在职在读：19在读',NULL,'2018-04-18 07:06:38',NULL),
	(271,'李颖婷',NULL,NULL,'13062645124','1592346433','刘昕钰',19,'东华','物理',NULL,NULL,'2017-11-02',NULL,'在职',NULL,NULL,'undefined\n加群情况：undefined\n在职在读：19在职',NULL,'2018-04-18 07:06:38',NULL),
	(272,'达睿',NULL,NULL,'18305157149','939401316','张煜',19,'江苏理工学院','金融学',NULL,NULL,'2017-11-02',NULL,'在职',NULL,NULL,'undefined\n加群情况：undefined\n在职在读：19在职',NULL,'2018-04-18 07:06:38',NULL),
	(273,'张蒙',NULL,NULL,'13523410071','823843955','陈小雪',19,'郑州大学西亚斯国际学院','英语师范',NULL,NULL,'2017-11-02',NULL,'在读',NULL,NULL,'undefined\n加群情况：undefined\n在职在读：19在读',NULL,'2018-04-18 07:06:38',NULL),
	(274,'白俏',NULL,NULL,'13102295230','1275497211','张煜',19,'天津师范大学','应用心理学',NULL,NULL,'2017-11-02',NULL,'在读',NULL,NULL,'undefined\n加群情况：undefined\n在职在读：19在读',NULL,'2018-04-18 07:06:38',NULL),
	(275,'訾若晨',NULL,NULL,'18756174911','1362082488','钱炜楠',19,'淮北师范大学信息学院','应用心理学',NULL,NULL,'2017-11-03',NULL,'在读',NULL,NULL,'undefined\n加群情况：undefined\n在职在读：19在读',NULL,'2018-04-18 07:06:38',NULL),
	(276,'赵梦君',NULL,NULL,'18905738821','578038145','武雪纯',19,'武夷学院','美术学',NULL,NULL,'2017-11-03',NULL,'在职',NULL,NULL,'180210已退班\n加群情况：undefined\n在职在读：19在职',NULL,'2018-04-18 07:06:38',NULL),
	(277,'张欣',NULL,NULL,'18815613667','1012933125','钱炜楠',19,'淮北师范大学','应用心理学',NULL,NULL,'2017-11-03',NULL,'在读',NULL,NULL,'undefined\n加群情况：undefined\n在职在读：19在读',NULL,'2018-04-18 07:06:38',NULL),
	(278,'张雪',NULL,NULL,'17863902257','2365982847','闫姿伊',19,'青岛大学','韩语',NULL,NULL,'2017-11-04',NULL,'在读',NULL,NULL,'undefined\n加群情况：undefined\n在职在读：19在读',NULL,'2018-04-18 07:06:38',NULL),
	(279,'陈晚霞',NULL,NULL,'17876251023','825118987','陈嘉顺',19,'肇庆学院','应用心理学',NULL,NULL,'2017-11-04',NULL,'届',NULL,NULL,'undefined\n加群情况：undefined\n在职在读：19届',NULL,'2018-04-18 07:06:38',NULL),
	(280,'谢佳妮',NULL,NULL,'13527619108','1092388944','刘雨翩',19,'仲恺农业工程学院','财务管理',NULL,NULL,'2017-11-05',NULL,'在读',NULL,NULL,'undefined\n加群情况：undefined\n在职在读：19在读',NULL,'2018-04-18 07:06:38',NULL),
	(281,'张博超',NULL,NULL,'18829353499','527983668','张煜',19,'西北农林科技大学','种子科学与工程',NULL,NULL,'2017-11-05',NULL,'在职',NULL,NULL,'undefined\n加群情况：undefined\n在职在读：19在职',NULL,'2018-04-18 07:06:38',NULL),
	(282,'康淑芬',NULL,NULL,'18202146389','1139404191','张煜',19,'湖南理工','工商管理',NULL,NULL,'2017-11-05',NULL,'在读',NULL,NULL,'undefined\n加群情况：undefined\n在职在读：19在读',NULL,'2018-04-18 07:06:38',NULL),
	(283,'葛方正',NULL,NULL,'15705262261','416705799','陈小雪',19,'盐城师范','旅游管理 ',NULL,NULL,'2017-11-06',NULL,'在职',NULL,NULL,'undefined\n加群情况：undefined\n在职在读：19在职',NULL,'2018-04-18 07:06:38',NULL),
	(284,'吴玥',NULL,NULL,'18002513939','1103867496','刘昕钰',19,'中南林业科技大学','生物工程',NULL,NULL,'2017-11-06',NULL,'在读',NULL,NULL,'undefined\n加群情况：undefined\n在职在读：19在读',NULL,'2018-04-18 07:06:38',NULL),
	(285,'葛晓燕',NULL,NULL,'17806233702','1427116858','钱炜楠',19,'青岛大学','服装设计与工程',NULL,NULL,'2017-11-06',NULL,'在读',NULL,NULL,'undefined\n加群情况：undefined\n在职在读：19在读',NULL,'2018-04-18 07:06:38',NULL),
	(286,'张雯',NULL,NULL,'17863641690','532885111','陈嘉顺',19,'山东师范大学历山学院','旅游管理',NULL,NULL,'2017-11-06',NULL,'在读',NULL,NULL,'undefined\n加群情况：undefined\n在职在读：19在读',NULL,'2018-04-18 07:06:38',NULL),
	(287,'余自敏',NULL,NULL,'18473823691','1987055669','徐哲泉',19,'湖南人文科技学院','应用心理学',NULL,NULL,'2017-11-06',NULL,'在读',NULL,NULL,'undefined\n加群情况：undefined\n在职在读：19在读',NULL,'2018-04-18 07:06:38',NULL),
	(288,'杨倩',NULL,NULL,'13557260581','594077078','徐耀琛',19,'桂林理工大学','工商管理',NULL,NULL,'2017-11-06',NULL,'在读',NULL,NULL,'undefined\n加群情况：undefined\n在职在读：19在读',NULL,'2018-04-18 07:06:38',NULL),
	(289,'云桂英',NULL,NULL,'18158833045','1170589336','陈小雪',19,'合肥工业大学','食品质量与安全',NULL,NULL,'2017-11-06',NULL,'在读',NULL,NULL,'undefined\n加群情况：undefined\n在职在读：19在读',NULL,'2018-04-18 07:06:38',NULL),
	(290,'谢玲芝',NULL,NULL,'18815618586','1798226833','钱炜楠',19,'淮北师范大学','应用心理学',NULL,NULL,'2017-11-07',NULL,'在读',NULL,NULL,'undefined\n加群情况：undefined\n在职在读：19在读',NULL,'2018-04-18 07:06:38',NULL),
	(291,'朱峰',NULL,NULL,'15967804653','2860225200','闫姿伊',19,'浙江中医药大学','计算机科学与技术',NULL,NULL,'2017-11-07',NULL,'在读',NULL,NULL,'undefined\n加群情况：undefined\n在职在读：19在读',NULL,'2018-04-18 07:06:38',NULL),
	(292,'马涛',NULL,NULL,'15027044297','894624982','许威',19,'湖北科技学院','应用心理学',NULL,NULL,'2017-11-07',NULL,'在读',NULL,NULL,'undefined\n加群情况：undefined\n在职在读：19在读',NULL,'2018-04-18 07:06:38',NULL),
	(293,'杨嘉建',NULL,NULL,'13794585462','923994512','钱炜楠',19,' 惠州学院','审计学',NULL,NULL,'2017-11-08',NULL,'在读',NULL,NULL,'undefined\n加群情况：undefined\n在职在读：19在读',NULL,'2018-04-18 07:06:38',NULL),
	(294,'徐寒',NULL,NULL,'18738392290','1748582481','董金华',19,'河南科技学院','汉语言文学',NULL,NULL,'2017-11-08',NULL,'在读',NULL,NULL,'undefined\n加群情况：undefined\n在职在读：19在读',NULL,'2018-04-18 07:06:38',NULL),
	(295,'韩婷婷',NULL,NULL,'18795973352','2050319541','钱炜楠',19,'南京邮电大学','行政管理',NULL,NULL,'2017-11-09',NULL,'在读',NULL,NULL,'undefined\n加群情况：undefined\n在职在读：19在读',NULL,'2018-04-18 07:06:38',NULL),
	(296,'汪鑫',NULL,NULL,'18375865892','754035234','汪美玲',19,'重庆工业职业技术学院','工程造价',NULL,NULL,'2017-11-09',NULL,'在职',NULL,NULL,'undefined\n加群情况：undefined\n在职在读：19在职',NULL,'2018-04-18 07:06:38',NULL),
	(297,'余倩梅',NULL,NULL,'13219019708','2357298375','钱炜楠',19,'西南交通大学希望学院',NULL,NULL,NULL,'2017-11-09',NULL,'在读',NULL,NULL,'undefined\n加群情况：undefined\n在职在读：19在读',NULL,'2018-04-18 07:06:38',NULL),
	(298,'杨培培',NULL,NULL,'18602507002','43685302','钱炜楠',19,'南京师范大学','通信工程',NULL,NULL,'2017-11-09',NULL,'在读',NULL,NULL,'undefined\n加群情况：undefined\n在职在读：19在读',NULL,'2018-04-18 07:06:38',NULL),
	(299,'丁婉琪',NULL,NULL,'15367759767','812688558','张煜',19,'南华大学','人力资源管理',NULL,NULL,'2017-11-09',NULL,'在读',NULL,NULL,'undefined\n加群情况：undefined\n在职在读：19在读',NULL,'2018-04-18 07:06:38',NULL),
	(300,'王雨珩',NULL,NULL,'15715575721','834949568','徐哲泉',19,'宿州学院','国际经济与贸易',NULL,NULL,'2017-11-09',NULL,'在读',NULL,NULL,'undefined\n加群情况：undefined\n在职在读：19在读',NULL,'2018-04-18 07:06:38',NULL),
	(301,'何永兴',NULL,NULL,'18020748535','425975357','董金华',19,'厦门理工学院','环境科学与工程学院水务工程',NULL,NULL,'2017-11-10',NULL,'在读',NULL,NULL,'undefined\n加群情况：undefined\n在职在读：19在读',NULL,'2018-04-18 07:06:38',NULL),
	(302,'虎广泽',NULL,NULL,'18789472009','1009460265','钱炜楠',19,'西安科技大学','能源化学工程',NULL,NULL,'2017-11-11',NULL,'在读',NULL,NULL,'undefined\n加群情况：undefined\n在职在读：19在读',NULL,'2018-04-18 07:06:38',NULL),
	(303,'方怡',NULL,NULL,'13023213919','732458887','刘昕钰',19,'上海电机学院','机械设计制造及其自动化',NULL,NULL,'2017-11-11',NULL,'在职',NULL,NULL,'undefined\n加群情况：undefined\n在职在读：19在职',NULL,'2018-04-18 07:06:38',NULL),
	(304,'雷梦影',NULL,NULL,'15278448425','1503802848','陈嘉顺',19,'新疆师范大学','法学',NULL,NULL,'2017-11-11',NULL,'在读',NULL,NULL,'undefined\n加群情况：undefined\n在职在读：19在读',NULL,'2018-04-18 07:06:38',NULL),
	(305,'童昊天',NULL,NULL,'13840207923','2578225027','陈嘉顺',19,'沈阳大学','人力资源管理',NULL,NULL,'2017-11-11',NULL,'在读',NULL,NULL,'undefined\n加群情况：undefined\n在职在读：19在读',NULL,'2018-04-18 07:06:38',NULL),
	(306,'任秀明',NULL,NULL,'18846187581','957163646','闫姿伊',19,'哈尔滨师范大学','物联网工程',NULL,NULL,'2017-11-11',NULL,'在读',NULL,NULL,'undefined\n加群情况：undefined\n在职在读：19在读',NULL,'2018-04-18 07:06:38',NULL),
	(307,'张琴喻',NULL,NULL,'17863087686','1601195048','闫姿伊',19,'山东大学威海校区','自动化',NULL,NULL,'2017-11-11',NULL,'在读',NULL,NULL,'undefined\n加群情况：undefined\n在职在读：19在读',NULL,'2018-04-18 07:06:38',NULL),
	(308,'孙文平',NULL,NULL,'13110013793','1332926210','钱炜楠',19,'天津城建大学','人文地理与城乡规划',NULL,NULL,'2017-11-11',NULL,'在读',NULL,NULL,'180312已退班\n加群情况：undefined\n在职在读：19在读',NULL,'2018-04-18 07:06:38',NULL),
	(309,'王献华',NULL,NULL,'15570837873','1129517250','徐哲泉',19,'湖南人文科技学院','应用心理学',NULL,NULL,'2017-11-11',NULL,'在读',NULL,NULL,'undefined\n加群情况：undefined\n在职在读：19在读',NULL,'2018-04-18 07:06:38',NULL),
	(310,'刘钰婷',NULL,NULL,'15336036652','2515578250','闫姿伊',19,'西北师范大学','心理学',NULL,NULL,'2017-11-11',NULL,'在读',NULL,NULL,'undefined\n加群情况：undefined\n在职在读：19在读',NULL,'2018-04-18 07:06:38',NULL),
	(311,'惠雯雯',NULL,NULL,'18752011358','1436079886','武雪纯',19,'南京工业大学','社会工作',NULL,NULL,'2017-11-11',NULL,'在读',NULL,NULL,'undefined\n加群情况：undefined\n在职在读：19在读',NULL,'2018-04-18 07:06:38',NULL),
	(312,'田琳',NULL,NULL,'13913925363','2763576533','钱炜楠',19,'南京航空航天大学金城学院','市场营销',NULL,NULL,'2017-11-11',NULL,'在读',NULL,NULL,'171228已退班\n加群情况：undefined\n在职在读：19在读',NULL,'2018-04-18 07:06:38',NULL),
	(313,'曹翠萍',NULL,NULL,'15235178032','1497764188','闫姿伊',19,'太原理工大学','农业水利工程',NULL,NULL,'2017-11-11',NULL,'在读',NULL,NULL,'171117已退班\n加群情况：undefined\n在职在读：19在读',NULL,'2018-04-18 07:06:38',NULL),
	(314,'刘琳',NULL,NULL,'18686747837','1139733478','张煜',19,'哈尔滨商业大学','统计学',NULL,NULL,'2017-11-12',NULL,'在职',NULL,NULL,'undefined\n加群情况：undefined\n在职在读：19在职',NULL,'2018-04-18 07:06:38',NULL),
	(315,'程维晔',NULL,NULL,'13814848801','823395959','钱炜楠',19,'苏州科技大学','应用心理学',NULL,NULL,'2017-11-12',NULL,'在读',NULL,NULL,'undefined\n加群情况：undefined\n在职在读：19在读',NULL,'2018-04-18 07:06:38',NULL),
	(316,'李迎春',NULL,NULL,'17865528863','1053915057','闫姿伊',19,'滨州医学院','英语',NULL,NULL,'2017-11-12',NULL,'在读',NULL,NULL,'171124已退班\n加群情况：undefined\n在职在读：19在读',NULL,'2018-04-18 07:06:38',NULL),
	(317,'王艺舒',NULL,NULL,'18956632126','1178460506','陈小雪',19,'合肥师范学院','软件工程',NULL,NULL,'2017-11-13',NULL,'在读',NULL,NULL,'undefined\n加群情况：undefined\n在职在读：19在读',NULL,'2018-04-18 07:06:38',NULL),
	(318,'李姝瑾',NULL,NULL,'17612878647','1476842286','张煜',20,'西华大学','法律',NULL,NULL,'2017-11-13',NULL,'届',NULL,NULL,'undefined\n加群情况：undefined\n在职在读：20届',NULL,'2018-04-18 07:06:38',NULL),
	(319,'于雪',NULL,NULL,'13940298902','1143121899','张煜',19,'沈阳建筑大学','安全工程',NULL,NULL,'2017-11-14',NULL,'届',NULL,NULL,'undefined\n加群情况：undefined\n在职在读：19届',NULL,'2018-04-18 07:06:38',NULL),
	(320,'张含悦',NULL,NULL,'13770322290','429343947','钱炜楠',19,'南京医科大学康达学院','护理 ',NULL,NULL,'2017-11-14',NULL,'在读',NULL,NULL,'undefined\n加群情况：undefined\n在职在读：19在读',NULL,'2018-04-18 07:06:38',NULL),
	(321,'刘伟',NULL,NULL,'18207300341','675942263','刘芳',19,'湖南科技学院','旅游管理',NULL,NULL,'2017-11-14',NULL,'在读',NULL,NULL,'undefined\n加群情况：undefined\n在职在读：19在读',NULL,'2018-04-18 07:06:38',NULL),
	(322,'申斌',NULL,NULL,'18582372219','907779093','钱炜楠',19,'成都理工大学','资源勘查工程 ',NULL,NULL,'2017-11-14',NULL,'在读',NULL,NULL,'undefined\n加群情况：undefined\n在职在读：19在读',NULL,'2018-04-18 07:06:38',NULL),
	(323,'臧海旭',NULL,NULL,'15019930579','3072004429','徐耀琛',19,'河北北方学院','历史学',NULL,NULL,'2017-11-15',NULL,'在职',NULL,NULL,'undefined\n加群情况：undefined\n在职在读：19在职',NULL,'2018-04-18 07:06:38',NULL),
	(324,'关月',NULL,NULL,'18611749689','2572795299','陈嘉顺',19,'北京联合大学','生物技术',NULL,NULL,'2017-11-16',NULL,'在读',NULL,NULL,'undefined\n加群情况：undefined\n在职在读：19在读',NULL,'2018-04-18 07:06:38',NULL),
	(325,'史丹萍',NULL,NULL,'18329570668','374857401','钱炜楠',19,'陕西中医药大学','应用心理学',NULL,NULL,'2017-11-16',NULL,'在读',NULL,NULL,'undefined\n加群情况：undefined\n在职在读：19在读',NULL,'2018-04-18 07:06:38',NULL),
	(326,'李文静',NULL,NULL,'15713668010','447286235','钱炜楠',19,'郑州大学','英语专业 ',NULL,NULL,'2017-11-17',NULL,'在读',NULL,NULL,'undefined\n加群情况：undefined\n在职在读：19在读',NULL,'2018-04-18 07:06:38',NULL),
	(327,'王凯轩',NULL,NULL,'18730268312','738599174','张煜',19,'华北电力大学','能源与动力工程',NULL,NULL,'2017-11-18',NULL,'在读',NULL,NULL,'undefined\n加群情况：undefined\n在职在读：19在读',NULL,'2018-04-18 07:06:38',NULL),
	(328,'张文敬',NULL,NULL,'15127176587','1063850427','钱炜楠',19,'河北经贸大学','会计学专业',NULL,NULL,'2017-11-19',NULL,'在读',NULL,NULL,'undefined\n加群情况：undefined\n在职在读：19在读',NULL,'2018-04-18 07:06:38',NULL),
	(329,'李桂莲',NULL,NULL,'18660376841','645016991','徐哲泉',19,'山东大学（威海）','朝鲜语',NULL,NULL,'2017-11-21',NULL,'在职',NULL,NULL,'undefined\n加群情况：undefined\n在职在读：19在职',NULL,'2018-04-18 07:06:38',NULL),
	(330,'王浩军',NULL,NULL,'18730287139','1602029434','钱炜楠',19,'河北大学','临床医学专业',NULL,NULL,'2017-11-22',NULL,'在读',NULL,NULL,'undefined\n加群情况：undefined\n在职在读：19在读',NULL,'2018-04-18 07:06:38',NULL),
	(332,'束超群',NULL,NULL,'13739194503','1332165666','钱炜楠',19,'南京邮电大学','人力资源管理',NULL,NULL,'2017-11-24',NULL,'二战',NULL,NULL,'undefined\n加群情况：undefined\n在职在读：19二战',NULL,'2018-04-18 07:06:38',NULL),
	(333,'戴子扬',NULL,NULL,'18774093077','781977689','张煜',19,'湖南师范大学树达学院','金融学',NULL,NULL,'2017-11-24',NULL,'在读',NULL,NULL,'undefined\n加群情况：undefined\n在职在读：19在读',NULL,'2018-04-18 07:06:38',NULL),
	(334,'周丹',NULL,NULL,'18080930072','1107439745','钱炜楠 ',19,'西南交通大学希望学院','会计学',NULL,NULL,'2017-11-24',NULL,'在读',NULL,NULL,'undefined\n加群情况：undefined\n在职在读：19在读',NULL,'2018-04-18 07:06:38',NULL),
	(335,'陈晔',NULL,NULL,'15952030130','875096688','陈小雪',19,'淮阴师范学院','电气自动化',NULL,NULL,'2017-11-25',NULL,'在读',NULL,NULL,'undefined\n加群情况：undefined\n在职在读：19在读',NULL,'2018-04-18 07:06:38',NULL),
	(336,'屠丽丽',NULL,NULL,'13817622283','676815926','刘昕钰',19,'上海对外经贸大学','金融学',NULL,NULL,'2017-11-26',NULL,'在读',NULL,NULL,'undefined\n加群情况：undefined\n在职在读：19在读',NULL,'2018-04-18 07:06:38',NULL),
	(337,'邵晓妍',NULL,NULL,'7044896826','954316874','徐哲泉',19,'大连东软信息学院','日语',NULL,NULL,'2017-11-27',NULL,'在读',NULL,NULL,'undefined\n加群情况：undefined\n在职在读：19在读',NULL,'2018-04-18 07:06:38',NULL),
	(338,'胡梦娟',NULL,NULL,'18851176166','1776214657','钱炜楠',19,'南京财经大学','财务管理',NULL,NULL,'2017-11-28',NULL,'在读',NULL,NULL,'undefined\n加群情况：undefined\n在职在读：19在读',NULL,'2018-04-18 07:06:38',NULL),
	(339,'姚默岚',NULL,NULL,'13646833109','2607066620','刘昕钰',19,'浙江理工大学','非织造材料与工程',NULL,NULL,'2017-11-28',NULL,'在职',NULL,NULL,'undefined\n加群情况：undefined\n在职在读：19在职',NULL,'2018-04-18 07:06:38',NULL),
	(340,'廖莉莎',NULL,NULL,'15626187579','824078761','徐哲泉',19,'广东工业大学','电子商务',NULL,NULL,'2017-11-28',NULL,'在读',NULL,NULL,'undefined\n加群情况：undefined\n在职在读：19在读',NULL,'2018-04-18 07:06:38',NULL),
	(341,'蓝佳珺',NULL,NULL,'13588032330','547375317','徐哲泉',19,'杭州电子科技大学','人力资源管理',NULL,NULL,'2017-11-29',NULL,'在读',NULL,NULL,'undefined\n加群情况：undefined\n在职在读：19在读',NULL,'2018-04-18 07:06:38',NULL),
	(342,'汤妹婷',NULL,NULL,'13329057378','2443184190','张煜',19,'黄山学院','应用心理学',NULL,NULL,'2017-11-29',NULL,'在读',NULL,NULL,'undefined\n加群情况：undefined\n在职在读：19在读',NULL,'2018-04-18 07:06:38',NULL),
	(343,'雷梦瑶',NULL,NULL,'15735154034','921266314','闫姿伊',19,' 太原理工大学','市场营销',NULL,NULL,'2017-11-29',NULL,'在读',NULL,NULL,'undefined\n加群情况：undefined\n在职在读：19在读',NULL,'2018-04-18 07:06:38',NULL),
	(344,'赵正午',NULL,NULL,'18229978925','1007514615','徐耀琛',19,'湖南商学院北津学院','工商管理',NULL,NULL,'2017-11-30',NULL,'在读',NULL,NULL,'undefined\n加群情况：undefined\n在职在读：19在读',NULL,'2018-04-18 07:06:38',NULL),
	(345,'谢钰琦',NULL,NULL,'15635991039','2731419109','李丹',19,'山东大学','新闻（自考）',NULL,NULL,'2017-11-30',NULL,'在读',NULL,NULL,'180305已退班\n加群情况：undefined\n在职在读：19在读',NULL,'2018-04-18 07:06:38',NULL),
	(346,'赵莹',NULL,NULL,'17621259152','2416527051','张煜',19,'上师大','人力资源管理',NULL,NULL,'2017-11-30',NULL,'在职',NULL,NULL,'undefined\n加群情况：undefined\n在职在读：19在职',NULL,'2018-04-18 07:06:38',NULL),
	(347,'韩沛沛',NULL,NULL,'18337817197','504507095','闫姿伊',19,'河南大学民生学院','应用心理学',NULL,NULL,'2017-12-01',NULL,'在读',NULL,NULL,'undefined\n加群情况：undefined\n在职在读：19在读',NULL,'2018-04-18 07:06:38',NULL),
	(348,'朱思远',NULL,NULL,'17876252268','475208596','陈嘉顺',19,'肇庆学院','应用心理学',NULL,NULL,'2017-12-02',NULL,'在读',NULL,NULL,'undefined\n加群情况：undefined\n在职在读：19在读',NULL,'2018-04-18 07:06:38',NULL),
	(349,'张珂',NULL,NULL,'17865815790','1131536289','陈小雪',19,'聊城大学','应用心理学',NULL,NULL,'2017-12-02',NULL,'在读',NULL,NULL,'undefined\n加群情况：undefined\n在职在读：19在读',NULL,'2018-04-18 07:06:38',NULL),
	(350,'蔡玫莉',NULL,NULL,'13242854811','350945595','闫姿伊',19,'广东金融学院','人力资源管理',NULL,NULL,'2017-12-02',NULL,'在读',NULL,NULL,'undefined\n加群情况：undefined\n在职在读：19在读',NULL,'2018-04-18 07:06:38',NULL),
	(351,'董九阳',NULL,NULL,'15877253220','973125386','钱炜楠',19,'广西科技大学','人力资源管理',NULL,NULL,'2017-12-02',NULL,'在读',NULL,NULL,'undefined\n加群情况：undefined\n在职在读：19在读',NULL,'2018-04-18 07:06:38',NULL),
	(352,'石梦祎',NULL,NULL,'18237850889','377106191','钱炜楠',19,'河南大学','俄语',NULL,NULL,'2017-12-03',NULL,'在读',NULL,NULL,'undefined\n加群情况：undefined\n在职在读：19在读',NULL,'2018-04-18 07:06:38',NULL),
	(353,'李翔宇',NULL,NULL,'18192957817','605093936','钱炜楠',19,'西北大学','人力资源管理',NULL,NULL,'2017-12-04',NULL,'在读',NULL,NULL,'undefined\n加群情况：undefined\n在职在读：19在读',NULL,'2018-04-18 07:06:38',NULL),
	(354,'杨莉萍',NULL,NULL,'15159888373','1186115768','钱炜楠',19,'泉州师范学院 ','应用心理学',NULL,NULL,'2017-12-04',NULL,'在读',NULL,NULL,'undefined\n加群情况：undefined\n在职在读：19在读',NULL,'2018-04-18 07:06:38',NULL),
	(355,'江娇',NULL,NULL,'18267006733','55313931','李丹',19,'上海政法学院','监狱学',NULL,NULL,'2017-12-06',NULL,'在职',NULL,NULL,'undefined\n加群情况：undefined\n在职在读：19在职',NULL,'2018-04-18 07:06:38',NULL),
	(356,'刘珺',NULL,NULL,'13862459366','1307937252','刘昕钰',19,'江苏大学京江学院','英语',NULL,NULL,'2017-12-06',NULL,'在职',NULL,NULL,'undefined\n加群情况：undefined\n在职在读：19在职',NULL,'2018-04-18 07:06:38',NULL),
	(357,'杨豪杰',NULL,NULL,'15167046873','1065208823','董金华',19,'绍兴职业技术学院','机电一体化',NULL,NULL,'2017-12-07',NULL,'待业',NULL,NULL,'undefined\n加群情况：undefined\n在职在读：19待业',NULL,'2018-04-18 07:06:38',NULL),
	(358,'陈赛燕',NULL,NULL,'18874489866','843455258','陈小雪',19,'吉首大学','软件工程',NULL,NULL,'2017-12-07',NULL,'在职',NULL,NULL,'undefined\n加群情况：undefined\n在职在读：19在职',NULL,'2018-04-18 07:06:38',NULL),
	(359,'黄若琳',NULL,NULL,'13798971409','694545329','陈嘉顺',19,'北京师范大学珠海分校',' 应用心理学',NULL,NULL,'2017-12-07',NULL,'在读',NULL,NULL,'undefined\n加群情况：undefined\n在职在读：19在读',NULL,'2018-04-18 07:06:38',NULL),
	(360,'周心悦',NULL,NULL,'18651899909','1005654010','钱炜楠',19,'江苏第二师范学院','英语',NULL,NULL,'2017-12-07',NULL,'在读',NULL,NULL,'undefined\n加群情况：undefined\n在职在读：19在读',NULL,'2018-04-18 07:06:38',NULL),
	(361,'董婧',NULL,NULL,'15577226888','61645979','陈嘉顺',19,'华南理工大学','法学、金融双专业',NULL,NULL,'2017-12-07',NULL,'待业',NULL,NULL,'undefined\n加群情况：undefined\n在职在读：19待业',NULL,'2018-04-18 07:06:38',NULL),
	(362,'赵童',NULL,NULL,'17864183145','891142578','钱炜楠',19,'齐鲁工业大学','英语专业',NULL,NULL,'2017-12-07',NULL,'在读',NULL,NULL,'undefined\n加群情况：undefined\n在职在读：19在读',NULL,'2018-04-18 07:06:38',NULL),
	(363,'王天正',NULL,NULL,'13203270221','423764060','闫姿伊',19,'湖南师范大学树达学院','经济学',NULL,NULL,'2017-12-08',NULL,'待业',NULL,NULL,'undefined\n加群情况：undefined\n在职在读：19待业',NULL,'2018-04-18 07:06:38',NULL),
	(364,'赵丽坤',NULL,NULL,'15715960821','451134961','徐哲泉',19,'泉州师范学院','公共事业管理',NULL,NULL,'2017-12-09',NULL,'届',NULL,NULL,'undefined\n加群情况：undefined\n在职在读：19届',NULL,'2018-04-18 07:06:38',NULL),
	(365,'王韵',NULL,NULL,'18374886020','1669544947','张煜',19,'长沙学院','物流管理',NULL,NULL,'2017-12-09',NULL,'在读',NULL,NULL,'undefined\n加群情况：undefined\n在职在读：19在读',NULL,'2018-04-18 07:06:38',NULL),
	(366,'刘佳林',NULL,NULL,'18604027951','673331968','许威',19,'辽宁中医药大学','中药营销',NULL,NULL,'2017-12-10',NULL,'在职',NULL,NULL,'undefined\n加群情况：undefined\n在职在读：19在职',NULL,'2018-04-18 07:06:38',NULL),
	(367,'吴笛',NULL,NULL,'13560394514','794337704','陈嘉顺',19,'中大','护理',NULL,NULL,'2017-12-11',NULL,'在职',NULL,NULL,'180417已退班\n加群情况：undefined\n在职在读：19在职',NULL,'2018-04-18 07:06:38',NULL),
	(368,'潘林',NULL,NULL,'15797654537','2536218029','钱炜楠',19,'江西科技学院','英语',NULL,NULL,'2017-12-11',NULL,'在读',NULL,NULL,'undefined\n加群情况：undefined\n在职在读：19在读',NULL,'2018-04-18 07:06:38',NULL),
	(369,'李晓婧',NULL,NULL,'17853724086','923562774','刘昕钰',19,NULL,'教育学',NULL,NULL,'2017-12-11',NULL,'在读',NULL,NULL,'undefined\n加群情况：undefined\n在职在读：19在读',NULL,'2018-04-18 07:06:38',NULL),
	(370,'徐婷婷',NULL,NULL,'18616307561','160022808','钱炜楠',19,'三亚学院','会计学',NULL,NULL,'2017-12-11',NULL,'在读',NULL,NULL,'undefined\n加群情况：undefined\n在职在读：19在读',NULL,'2018-04-18 07:06:38',NULL),
	(371,'俞静',NULL,NULL,'18855186893','624110554','张煜',19,'合肥师范学院','网络工程',NULL,NULL,'2017-12-11',NULL,'在读',NULL,NULL,'undefined\n加群情况：undefined\n在职在读：19在读',NULL,'2018-04-18 07:06:38',NULL),
	(372,'罗靖',NULL,NULL,'18382339074','2455502713','刘昕钰',19,'成都信息工程大学','社会工作',NULL,NULL,'2017-12-12',NULL,'在读',NULL,NULL,'undefined\n加群情况：undefined\n在职在读：19在读',NULL,'2018-04-18 07:06:38',NULL),
	(373,'潘英杰',NULL,NULL,'17721673303','2523259380','武雪纯',19,'常州大学','人力资源管理',NULL,NULL,'2017-12-12',NULL,'届',NULL,NULL,'undefined\n加群情况：undefined\n在职在读：19届',NULL,'2018-04-18 07:06:38',NULL),
	(374,'张宇豪',NULL,NULL,'18808960057','1561133657','李丹',19,'海南师范大学','应用心理学',NULL,NULL,'2017-12-12',NULL,'在读',NULL,NULL,'undefined\n加群情况：undefined\n在职在读：19在读',NULL,'2018-04-18 07:06:38',NULL),
	(375,'张琛',NULL,NULL,'15505321198','630855216','钱炜楠',19,'山东青年政治学院','广播电视学',NULL,NULL,'2017-12-12',NULL,'在读',NULL,NULL,'undefined\n加群情况：undefined\n在职在读：19在读',NULL,'2018-04-18 07:06:38',NULL),
	(376,'尹俊婷',NULL,NULL,'18863665152','1135039804','闫姿伊',19,'潍坊医学院','应用心理学',NULL,NULL,'2017-12-12',NULL,'在读',NULL,NULL,'undefined\n加群情况：undefined\n在职在读：19在读',NULL,'2018-04-18 07:06:38',NULL),
	(377,'钱勇行',NULL,NULL,'17772226130','1770285559','刘昕钰',19,'淮阴师范学院','汉语言文学(师范)',NULL,NULL,'2017-12-12',NULL,'在职',NULL,NULL,'undefined\n加群情况：undefined\n在职在读：19在职',NULL,'2018-04-18 07:06:38',NULL),
	(378,'刘馨怿',NULL,NULL,'15330371799','875104500','李丹',19,'苏州大学应用技术学院','酒店管理',NULL,NULL,'2017-12-12',NULL,'在读',NULL,NULL,'undefined\n加群情况：undefined\n在职在读：19在读',NULL,'2018-04-18 07:06:38',NULL),
	(379,'袁延菲',NULL,NULL,'15522757567','347366016','钱炜楠',19,'天津外国语大学滨海外事学院 ','朝鲜语系 ',NULL,NULL,'2017-12-13',NULL,'在读',NULL,NULL,'undefined\n加群情况：undefined\n在职在读：19在读',NULL,'2018-04-18 07:06:38',NULL),
	(380,'王婷',NULL,NULL,'13665239132','991543638','董金华',19,'北京语言大学','汉语言文学',NULL,NULL,'2017-12-15',NULL,'在职',NULL,NULL,'undefined\n加群情况：undefined\n在职在读：19在职',NULL,'2018-04-18 07:06:38',NULL),
	(381,'王宇情',NULL,NULL,'18932167026','1746585224','陈嘉顺',19,'中南林业科技大学','农林经济管理',NULL,NULL,'2017-12-15',NULL,'在读',NULL,NULL,'undefined\n加群情况：undefined\n在职在读：19在读',NULL,'2018-04-18 07:06:38',NULL),
	(382,'朱云天',NULL,NULL,'18815683429','981849729','徐哲泉',19,'阜阳师范学院',NULL,NULL,NULL,'2017-12-15',NULL,'在读',NULL,NULL,'undefined\n加群情况：undefined\n在职在读：19在读',NULL,'2018-04-18 07:06:38',NULL),
	(383,'王慧文',NULL,NULL,'18862396206','1346722609','钱炜楠',19,'苏州科技大学','计算机科学与技术',NULL,NULL,'2017-12-15',NULL,'在读',NULL,NULL,'undefined\n加群情况：undefined\n在职在读：19在读',NULL,'2018-04-18 07:06:38',NULL),
	(384,'申红',NULL,NULL,'18599067857','2756517191','钱炜楠',19,'新疆医科大学','临床医学',NULL,NULL,'2017-12-15',NULL,'在职',NULL,NULL,'undefined\n加群情况：undefined\n在职在读：19在职',NULL,'2018-04-18 07:06:38',NULL),
	(385,'袁彬',NULL,NULL,'18389799203','757209384','徐哲泉',19,'海南大学','海洋工程与技术',NULL,NULL,'2017-12-18',NULL,'届',NULL,NULL,'undefined\n加群情况：undefined\n在职在读：19届',NULL,'2018-04-18 07:06:38',NULL),
	(386,'李雪莲',NULL,NULL,'15811292778','809267002','董金华',19,'中瑞酒店管理学院','财务管理',NULL,NULL,'2017-12-19',NULL,'待业',NULL,NULL,'undefined\n加群情况：undefined\n在职在读：19待业',NULL,'2018-04-18 07:06:38',NULL),
	(387,'何茂妮',NULL,NULL,'17336604761','1654495375','刘芳',19,'湖南工业大学','金融工程',NULL,NULL,'2017-12-19',NULL,'在读',NULL,NULL,'180409已退班\n加群情况：undefined\n在职在读：19在读',NULL,'2018-04-18 07:06:38',NULL),
	(388,'赵冰若',NULL,NULL,'15528290097','779317880','张煜',19,'四川农业大学','农村区域发展',NULL,NULL,'2017-12-22',NULL,'在读',NULL,NULL,'undefined\n加群情况：undefined\n在职在读：19在读',NULL,'2018-04-18 07:06:38',NULL),
	(389,'陶戈',NULL,NULL,'15810278202','271771957','徐哲泉',19,'对外经济贸易大学','采购与供应管理',NULL,NULL,'2017-12-22',NULL,'在职',NULL,NULL,'undefined\n加群情况：undefined\n在职在读：19在职',NULL,'2018-04-18 07:06:38',NULL),
	(390,'袁创',NULL,NULL,'15754351239','1250948925','陈小雪',19,'吉林工程技术师范学院','人力资源管理',NULL,NULL,'2017-12-25',NULL,'二战',NULL,NULL,'undefined\n加群情况：undefined\n在职在读：19二战',NULL,'2018-04-18 07:06:38',NULL),
	(391,'杨蕾',NULL,NULL,'15111249522','475505575','刘昕钰',19,'广西梧州学院','会计',NULL,NULL,'2017-12-25',NULL,'在职',NULL,NULL,'undefined\n加群情况：undefined\n在职在读：19在职',NULL,'2018-04-18 07:06:38',NULL),
	(392,'金威光',NULL,NULL,'13801414468','1411318791','钱炜楠',19,'盐城工学院','自动化',NULL,NULL,'2017-12-25',NULL,'在读',NULL,NULL,'undefined\n加群情况：undefined\n在职在读：19在读',NULL,'2018-04-18 07:06:38',NULL),
	(393,'陈玮',NULL,NULL,'17865315515','1607673717','刘雨翩',19,'山东建筑大学','工业工程',NULL,NULL,'2017-12-25',NULL,'在读',NULL,NULL,'undefined\n加群情况：undefined\n在职在读：19在读',NULL,'2018-04-18 07:06:38',NULL),
	(394,'赵佩玉',NULL,NULL,'18199102129','1324256438','刘昕钰',19,'石河子大学师范学院','应用心理学',NULL,NULL,'2017-12-26',NULL,'二战',NULL,NULL,'undefined\n加群情况：undefined\n在职在读：19二战',NULL,'2018-04-18 07:06:38',NULL),
	(395,'苏哲',NULL,NULL,'13826090065','1995342','刘昕钰',19,'华南师范','心理健康教育（自考）',NULL,NULL,'2017-12-26',NULL,'在职',NULL,NULL,'undefined\n加群情况：undefined\n在职在读：19在职',NULL,'2018-04-18 07:06:38',NULL),
	(396,'李淑颖',NULL,NULL,'13207125953','1165349681','刘昕钰',19,'湖北经济学院','经济学',NULL,NULL,'2017-12-26',NULL,'在读',NULL,NULL,'undefined\n加群情况：undefined\n在职在读：19在读',NULL,'2018-04-18 07:06:38',NULL),
	(397,'崇青雅',NULL,NULL,'15720608768','443575885','李丹',19,'江苏第二师范学院','物联网工程',NULL,NULL,'2017-12-27',NULL,'在读',NULL,NULL,'180126已退班\n加群情况：undefined\n在职在读：19在读',NULL,'2018-04-18 07:06:38',NULL),
	(398,'姜祺',NULL,NULL,'18710293029','179524785','刘芳',19,'首师大科德学院','工商管理',NULL,NULL,'2017-12-27',NULL,'届',NULL,NULL,'undefined\n加群情况：undefined\n在职在读：19届',NULL,'2018-04-18 07:06:38',NULL),
	(399,'胡思祺',NULL,NULL,'15958008167','1021475752','许威',19,'浙江理工大学科技与艺术学院','通信工程',NULL,NULL,'2017-12-28',NULL,'在读',NULL,NULL,'undefined\n加群情况：undefined\n在职在读：19在读',NULL,'2018-04-18 07:06:38',NULL),
	(400,'金凤一',NULL,NULL,'18340838169','2274432025','刘昕钰',19,'大连医科大学','应用心理学',NULL,NULL,'2017-12-28',NULL,'在读',NULL,NULL,'undefined\n加群情况：undefined\n在职在读：19在读',NULL,'2018-04-18 07:06:38',NULL),
	(401,'徐贵芳',NULL,NULL,'13677717572','1633606854','李丹',19,'广西师范学院','应用心理学',NULL,NULL,'2017-12-28',NULL,'在读',NULL,NULL,'undefined\n加群情况：undefined\n在职在读：19在读',NULL,'2018-04-18 07:06:38',NULL),
	(402,'肖舒华',NULL,NULL,'13760696076','623148600','刘昕钰',19,'中山大学南方学院','旅游管理',NULL,NULL,'2017-12-29',NULL,'在职',NULL,NULL,'undefined\n加群情况：undefined\n在职在读：19在职',NULL,'2018-04-18 07:06:38',NULL),
	(403,'周亚西',NULL,NULL,'18317590975','2457850773','刘昕钰',19,'新乡医学院三全学院','口腔医学技术',NULL,NULL,'2017-12-30',NULL,'在读',NULL,NULL,'undefined\n加群情况：undefined\n在职在读：19在读',NULL,'2018-04-18 07:06:38',NULL),
	(404,'王欣健',NULL,NULL,'13061490097','774975704','徐哲泉',19,'青岛滨海学院','财务管理',NULL,NULL,'2017-12-30',NULL,'届',NULL,NULL,'undefined\n加群情况：undefined\n在职在读：19届',NULL,'2018-04-18 07:06:38',NULL),
	(405,'付英',NULL,NULL,'15620526525','1009755416','刘昕钰',19,'天津外国语大学','人力资源管理',NULL,NULL,'2017-12-30',NULL,'在读',NULL,NULL,'undefined\n加群情况：undefined\n在职在读：19在读',NULL,'2018-04-18 07:06:38',NULL),
	(406,'杨淦麟',NULL,NULL,'15023310857','1058700469','李丹',20,'重庆工商大学','社会工作与管理',NULL,NULL,'2017-12-30',NULL,'届',NULL,NULL,'undefined\n加群情况：undefined\n在职在读：20届',NULL,'2018-04-18 07:06:38',NULL),
	(407,'侯淑华',NULL,NULL,'18819462952','872591674','陈嘉顺',19,'中山大学南方学院','工商管理专业人力资源方向',NULL,NULL,'2017-12-30',NULL,'待业',NULL,NULL,'undefined\n加群情况：undefined\n在职在读：19待业',NULL,'2018-04-18 07:06:38',NULL),
	(408,'刘茜茜',NULL,NULL,'18328683194','1591345060','徐哲泉',19,'西南交大','工程造价',NULL,NULL,'2017-12-31',NULL,'在读',NULL,NULL,'undefined\n加群情况：undefined\n在职在读：19在读',NULL,'2018-04-18 07:06:38',NULL),
	(409,'练丽霞',NULL,NULL,'13824246934','425853060','刘昕钰',19,'惠大','物流管理',NULL,NULL,'2017-12-31',NULL,'在职',NULL,NULL,'undefined\n加群情况：undefined\n在职在读：19在职',NULL,'2018-04-18 07:06:38',NULL),
	(410,'黄伟纯',NULL,NULL,'18300154766','941229746','陈嘉顺',19,'韩山师范学院','汉语言文学',NULL,NULL,'2017-12-31',NULL,'在职',NULL,NULL,'undefined\n加群情况：undefined\n在职在读：19在职',NULL,'2018-04-18 07:06:38',NULL),
	(411,'唐萍',NULL,NULL,'15521173842','599795299','刘雨翩',19,'广东第二师范学院','英语教育',NULL,NULL,'2017-12-31',NULL,'在读',NULL,NULL,'undefined\n加群情况：undefined\n在职在读：19在读',NULL,'2018-04-18 07:06:38',NULL),
	(791,'0',NULL,NULL,NULL,NULL,NULL,NULL,NULL,NULL,NULL,NULL,NULL,NULL,NULL,NULL,'zengyulu',NULL,NULL,'2018-04-20 01:41:06',NULL),
	(792,'1',NULL,NULL,NULL,NULL,NULL,NULL,NULL,NULL,NULL,NULL,NULL,NULL,NULL,NULL,'zengyulu',NULL,NULL,'2018-04-20 05:44:56',NULL);

/*!40000 ALTER TABLE `ui_student` ENABLE KEYS */;
UNLOCK TABLES;


# Dump of table ui_teacher
# ------------------------------------------------------------

DROP TABLE IF EXISTS `ui_teacher`;

CREATE TABLE `ui_teacher` (
  `id` int(11) NOT NULL AUTO_INCREMENT,
  `name` varchar(11) DEFAULT NULL,
  `sex` int(2) DEFAULT NULL,
  `mobile` varchar(11) DEFAULT NULL,
  `qq` varchar(11) DEFAULT NULL,
  `job` varchar(11) DEFAULT NULL,
  `course` varchar(30) DEFAULT NULL,
  `guide_type` int(2) DEFAULT NULL,
  `birth_date` varchar(10) DEFAULT NULL,
  `bank_number` varchar(20) DEFAULT NULL,
  `bank_name` varchar(20) DEFAULT NULL,
  `bank_branch` varchar(20) DEFAULT NULL,
  `bachelor_school` varchar(20) DEFAULT NULL,
  `bachelor_major` varchar(20) DEFAULT NULL,
  `grade_year` int(2) DEFAULT NULL,
  `professional_salary` int(11) DEFAULT NULL,
  `open_class_salary` int(11) DEFAULT NULL,
  `one_to_one_salary` int(11) DEFAULT NULL,
  `other_salary` int(11) DEFAULT NULL,
  `now_school` varchar(20) DEFAULT NULL,
  `now_major` varchar(20) DEFAULT NULL,
  `if_pass_direct` int(2) DEFAULT NULL,
  `english_class_score` int(11) DEFAULT NULL,
  `politic_class_score` int(11) DEFAULT NULL,
  `first_rank` int(11) DEFAULT NULL,
  `final_rank` int(11) DEFAULT NULL,
  `qq_group` int(4) DEFAULT NULL,
  `remark` text,
  `extend` text,
  `create_time` datetime DEFAULT NULL,
  `update_time` datetime DEFAULT NULL,
  PRIMARY KEY (`id`)
) ENGINE=InnoDB DEFAULT CHARSET=utf8;

LOCK TABLES `ui_teacher` WRITE;
/*!40000 ALTER TABLE `ui_teacher` DISABLE KEYS */;

INSERT INTO `ui_teacher` (`id`, `name`, `sex`, `mobile`, `qq`, `job`, `course`, `guide_type`, `birth_date`, `bank_number`, `bank_name`, `bank_branch`, `bachelor_school`, `bachelor_major`, `grade_year`, `professional_salary`, `open_class_salary`, `one_to_one_salary`, `other_salary`, `now_school`, `now_major`, `if_pass_direct`, `english_class_score`, `politic_class_score`, `first_rank`, `final_rank`, `qq_group`, `remark`, `extend`, `create_time`, `update_time`)
VALUES
	(1,'曾老师',NULL,NULL,NULL,NULL,NULL,NULL,NULL,NULL,NULL,NULL,NULL,NULL,NULL,NULL,NULL,NULL,NULL,NULL,NULL,NULL,NULL,NULL,NULL,NULL,NULL,NULL,NULL,'2018-04-20 01:19:11',NULL);

/*!40000 ALTER TABLE `ui_teacher` ENABLE KEYS */;
UNLOCK TABLES;


# Dump of table user
# ------------------------------------------------------------

DROP TABLE IF EXISTS `user`;

CREATE TABLE `user` (
  `id` int(11) NOT NULL AUTO_INCREMENT,
  `name` varchar(11) DEFAULT NULL,
  `mobile` varchar(11) DEFAULT NULL,
  `qq` varchar(11) DEFAULT NULL,
  `target_school` varchar(20) DEFAULT NULL,
  `old_school` varchar(20) DEFAULT NULL,
  `old_major` varchar(20) DEFAULT NULL,
  `study_status` varchar(20) DEFAULT NULL,
  `class_style` varchar(20) DEFAULT NULL,
  `professional_course` varchar(20) DEFAULT NULL,
  `common_course` varchar(20) DEFAULT NULL,
  `price` int(11) DEFAULT NULL,
  `apply_time` varchar(20) DEFAULT '0000-00-00',
  `note` text,
  `other_info` varchar(255) DEFAULT NULL,
  `adviser` varchar(20) DEFAULT NULL,
  `status` int(11) DEFAULT NULL,
  `create_time` datetime DEFAULT NULL,
  `update_time` datetime DEFAULT NULL,
  PRIMARY KEY (`id`)
) ENGINE=InnoDB DEFAULT CHARSET=utf8;




/*!40111 SET SQL_NOTES=@OLD_SQL_NOTES */;
/*!40101 SET SQL_MODE=@OLD_SQL_MODE */;
/*!40014 SET FOREIGN_KEY_CHECKS=@OLD_FOREIGN_KEY_CHECKS */;
/*!40101 SET CHARACTER_SET_CLIENT=@OLD_CHARACTER_SET_CLIENT */;
/*!40101 SET CHARACTER_SET_RESULTS=@OLD_CHARACTER_SET_RESULTS */;
/*!40101 SET COLLATION_CONNECTION=@OLD_COLLATION_CONNECTION */;
